ime,naslov
Buxton Extra Porter,/buxton-extra-porter/409056/
Prairie Coffee Okie,/prairie-coffee-okie/382217/
Oskar Blues Hotbox Coffee Porter,/oskar-blues-hotbox-coffee-porter/132098/
Three Floyds Wigsplitter,/three-floyds-wigsplitter/342218/
Stillwater Gose Gone Wild,/stillwater-gose-gone-wild/266266/
Founders KBS (Kentucky Breakfast Stout),/founders-kbs-kentucky-breakfast-stout/40544/
Cigar City White Oak Jai Alai India Pale Ale,/cigar-city-white-oak-jai-alai-india-pale-ale/123699/
Hoppin' Frog Rum Barrel Aged Silk Porter,/hoppin-frog-rum-barrel-aged-silk-porter/323062/
Superstition Aphrodisia Pyment - Cabernet/Pinot Noir/Syrah,/superstition-aphrodisia-pyment--cabernet-pinot-noir-syrah/392813/
Dogfish Head 60 Minute IPA,/dogfish-head-60-minute-ipa/7431/
Cloudwater DIPA - v6,/cloudwater-dipa--v6/441009/
Three Floyds Gorch Fock Helles,/three-floyds-gorch-fock-helles/45534/
Arrogant Who You Callin' Wussie,/arrogant-who-you-callin-wussie/429477/
Dogfish Head Indian Brown Ale,/dogfish-head-indian-brown-ale/3076/
Buxton / Omnipollo Lemon Meringue Ice Cream Pie,/buxton--omnipollo-lemon-meringue-ice-cream-pie/447868/
Buxton Anglo-Belgique,/buxton-anglo-belgique/392428/
Lagunitas NightTime Ale,/lagunitas-nighttime-ale/262801/
Stone 20th Anniversary Encore Series: 5th Anniversary IPA,/stone-20th-anniversary-encore-series-5th-anniversary-ipa/10342/
Laurelwood Workhorse IPA,/laurelwood-workhorse-ipa/65546/
Ayinger Weizen-Bock,/ayinger-weizen-bock/56837/
The Kernel India Pale Ale Galaxy,/the-kernel-india-pale-ale-galaxy/154862/
Trillium Itty Bitty Goose,/trillium-itty-bitty-goose/275435/
Ayinger Oktober Fest-M\xc3\xa4rzen,/ayinger-oktober-fest-marzen/2718/
Boulevard Smokestack Series: Coffee Ale,/boulevard-smokestack-series-coffee-ale/205557/
Schneider Weisse Original,/schneider-weisse-original/1762/
Tired Hands Ourison,/tired-hands-ourison/372558/
Founders PC Pils,/founders-pc-pils/382690/
Founders Backwoods Bastard,/founders-backwoods-bastard/69624/
Trillium / Amager Sigtebrod,/trillium--amager-sigtebrod/454740/
Trillium Scaled,/trillium-scaled/377675/
Wicked Weed Xibalba,/wicked-weed-xibalba/361578/
Jester King Montmorency vs. Balaton,/jester-king-montmorency-vs-balaton/253086/
Oskar Blues / Shamrock Death By Coconut,/oskar-blues--shamrock-death-by-coconut/261714/
Other Half Double Mosaic Dream,/other-half-double-mosaic-dream/405387/
De Garde Nectarine Premiere,/de-garde-nectarine-premiere/334419/
Hill Farmstead Anna,/hill-farmstead-anna/135758/
Schneider Weisse Aventinus,/schneider-weisse-aventinus/2224/
Trillium Fort Point Pale Ale - Galaxy Dry Hopped,/trillium-fort-point-pale-ale--galaxy-dry-hopped/279560/
Siren Broken Dream,/siren-broken-dream/204307/
Victory Old Horizontal,/victory-old-horizontal/624/
Left Hand Rye on the Prize,/left-hand-rye-on-the-prize/433168/
Hacker-Pschorr (Hefe) Weisse,/hacker-pschorr-hefe-weisse/652/
Cloudwater / BrewDog Manchester Colourblind,/cloudwater--brewdog-manchester-colourblind/457960/
Russian River Temptation,/russian-river-temptation/13145/
Russian River Consecration,/russian-river-consecration/94349/
Russian River Sanctification,/russian-river-sanctification/38052/
Cloudwater DIPA - v8,/cloudwater-dipa--v8/455619/
Dieu du Ciel P\xc3\xa9ch\xc3\xa9 Mortel Bourbon ,/dieu-du-ciel-peche-mortel-bourbon/104410/
Lagunitas Born Yesterday Pale Ale,/lagunitas-born-yesterday-pale-ale/295821/
Alpine Beer Company Duet ,/alpine-beer-company-duet/54549/
Trillium Headroom,/trillium-headroom/355438/
Side Project Bleuet du Fermier,/side-project-bleuet-du-fermier/406973/
Surly / Amager Todd - The Axe Man (Surly Version),/surly--amager-todd--the-axe-man-surly-version/289004/
Tree House In Perpetuity,/tree-house-in-perpetuity/360016/
Bissell Brothers The Substance Ale,/bissell-brothers-the-substance-ale/250331/
Tin Man Cafe Leche,/tin-man-cafe-leche/307417/
Modern Times City of the Dead,/modern-times-city-of-the-dead/312152/
Northern Monk Patrons Projects 1.01 Coffee Porter,/northern-monk-patrons-projects-101-coffee-porter/434783/
Side Project Derivation Blend #1,/side-project-derivation-blend-1/336480/
Alchemist Focal Banger,/alchemist-focal-banger/100846/
Revolution Oktoberfest Revolution,/revolution-oktoberfest-revolution/129665/
Alchemist Broken Spoke (2016-),/alchemist-broken-spoke-2016-/454158/
Weihenstephaner Vitus,/weihenstephaner-vitus/70791/
Hill Farmstead Civil Disobedience (Release 11) ,/hill-farmstead-civil-disobedience-release-11/324695/
Russian River Defenestration,/russian-river-defenestration/93471/
Great Lakes Brewery Karma Citra,/great-lakes-brewery-karma-citra/140085/
Beavertown Gamma Ray  ,/beavertown-gamma-ray/189363/
Cigar City Jai Alai India Pale Ale,/cigar-city-jai-alai-india-pale-ale/95103/
Russian River Blind Pig IPA,/russian-river-blind-pig-ipa/48429/
Weltenburger Kloster Asam Bock,/weltenburger-kloster-asam-bock/4025/
Schneider TAP 4 Meine Festweisse,/schneider-tap-4-meine-festweisse/6212/
Wicked Weed Pernicious IPA,/wicked-weed-pernicious-ipa/328500/
Lost Abbey Red Poppy Ale,/lost-abbey-red-poppy-ale/77393/
Aecht Schlenkerla Rauchbier Urbock,/aecht-schlenkerla-rauchbier-urbock/6349/
Schell Noble Star - Starkeller Peach,/schell-noble-star--starkeller-peach/340928/
Salopian Kashmir,/salopian-kashmir/109471/
Beaus Wag the Wolf ,/beaus-wag-the-wolf/205741/
Bush de Charmes,/bush-de-charmes/315140/
Evil Twin Mosaic Single Hop Imperial India Pale American Wheat Lager,/evil-twin-mosaic-single-hop-imperial-india-pale-american-wheat-lager/301903/
Smuttynose Baltic Porter,/smuttynose-baltic-porter/83476/
Mikkeller San Diego California Dream,/mikkeller-san-diego-california-dream/414045/
Maisel's Weisse Original,/maisels-weisse-original/4560/
Arrogant Bastard Ale,/arrogant-bastard-ale/1315/
Paulaner Hefe-Weissbier (Hefe-Weizen) (5.5%),/paulaner-hefe-weissbier-hefe-weizen-55/647/
Rodenbach Alexander,/rodenbach-alexander/1195/
Maui Brewing Coconut Hiwa Porter,/maui-brewing-coconut-hiwa-porter/59330/
Boombox / Machine Pablo Esco Gnar,/boombox--machine-pablo-esco-gnar/454620/
Fremont Brew 1000,/fremont-brew-1000/270858/
Cloudwater Spring Summer 2016 IPA Citra,/cloudwater-spring-summer-2016-ipa-citra/399366/
Modern Times Neverwhere,/modern-times-neverwhere/218230/
Stillwater Contemporary Works - Mono,/stillwater-contemporary-works--mono/312704/
Cellarmaker Dobis P.A.,/cellarmaker-dobis-pa/233799/
Beavertown / Boneyard Bloody Notorious,/beavertown--boneyard-bloody-notorious/426167/
Anspach & Hobday The Porter,/anspach-hobday-the-porter/249269/
The Kernel Pale Ale Nelson Sauvin,/the-kernel-pale-ale-nelson-sauvin/122857/
Funky Buddha Last Snow Porter,/funky-buddha-last-snow-porter/139108/
Upright Flora Rustica (Barrel Aged),/upright-flora-rustica-barrel-aged/221903/
Maine Beer Peeper Ale,/maine-beer-peeper-ale/107273/
Lakefront Imperial Pumpkin (2014-),/lakefront-imperial-pumpkin-2014-/286917/
Alchemist The Crusher,/alchemist-the-crusher/90987/
Buxton High Tor,/buxton-high-tor/159608/
Bell's Expedition Stout,/bells-expedition-stout/3214/
Firestone Walker Wookey Jack Black Rye IPA,/firestone-walker-wookey-jack-black-rye-ipa/167331/
Siren Liquid Mistress,/siren-liquid-mistress/204310/
Fair State Vienna,/fair-state-vienna/315036/
Central Waters HHG APA,/central-waters-hhg-apa/325231/
Cigar City Good Gourd Almighty - Bourbon Barrel,/cigar-city-good-gourd-almighty--bourbon-barrel/405033/
New Glarus Unplugged Smoke on the Porter,/new-glarus-unplugged-smoke-on-the-porter/80590/
Otter Creek / Lawson's Finest Liquids Double Dose IPA,/otter-creek--lawsons-finest-liquids-double-dose-ipa/230534/
Ommegang Game of Thrones #4 - Valar Morghulis,/ommegang-game-of-thrones-4--valar-morghulis/265444/
Bell's Two Hearted Ale,/bells-two-hearted-ale/1502/
Hill Farmstead Dorothy (2015-),/hill-farmstead-dorothy-2015-/321875/
Bell's The Oracle DIPA Ale,/bells-the-oracle-dipa-ale/106028/
Jackie O's Bourbon Barrel Barking Pumpkin,/jackie-os-bourbon-barrel-barking-pumpkin/295852/
Modern Times Sleepless City - Vanilla & Cocoa Nibs ,/modern-times-sleepless-city--vanilla-cocoa-nibs/304122/
Dieu du Ciel Aphrodisiaque,/dieu-du-ciel-aphrodisiaque/24350/
Unibroue Trois Pistoles,/unibroue-trois-pistoles/1926/
Toppling Goliath Intergalactic Warrior IPA,/toppling-goliath-intergalactic-warrior-ipa/179986/
Tree House Doppelganger,/tree-house-doppelganger/390787/
Three Floyds Zombie Dust,/three-floyds-zombie-dust/135404/
Three Floyds Alpha King,/three-floyds-alpha-king/1432/
Fat Head's Spooky Tooth Imperial Pumpkin Ale,/fat-heads-spooky-tooth-imperial-pumpkin-ale/151214/
Deschutes Black Butte XXVIII,/deschutes-black-butte-xxviii/432428/
Ballast Point Sculpin IPA,/ballast-point-sculpin-ipa/50008/
Three Floyds Gumballhead,/three-floyds-gumballhead/22764/
Sierra Nevada Coffee Stout,/sierra-nevada-coffee-stout/292419/
Founders Porter,/founders-porter/3173/
Lawson's Finest Double Sunshine IPA,/lawsons-finest-double-sunshine-ipa/134550/
Jolly Pumpkin La Parcela No. 1 Pumpkin Ale,/jolly-pumpkin-la-parcela-no-1-pumpkin-ale/94686/
Cellarmaker Tiny Dankster,/cellarmaker-tiny-dankster/265878/
Tuckerman Altitude,/tuckerman-altitude/164723/
Cycle Barrel-Aged Hazelnut Imperial Stout,/cycle-barrel-aged-hazelnut-imperial-stout/376070/
Ballast Point Mocha Marlin,/ballast-point-mocha-marlin/378420/
Weihenstephaner Hefeweissbier Dunkel,/weihenstephaner-hefeweissbier-dunkel/4583/
Straight To Ale He Ain't Heffe,/straight-to-ale-he-aint-heffe/174657/
Funky Buddha Wide Awake It's Morning,/funky-buddha-wide-awake-its-morning/148014/
Driftwood Entangled Hopfenweisse,/driftwood-entangled-hopfenweisse/297853/
Clown Shoes Archdruid,/clown-shoes-archdruid/441796/
Toppling Goliath King Sue,/toppling-goliath-king-sue/252251/
Founders Sumatra Mountain Brown,/founders-sumatra-mountain-brown/135773/
Grassroots Legitimacy,/grassroots-legitimacy/214350/
Uinta Fest Helles,/uinta-fest-helles/432004/
Hill Farmstead Susan,/hill-farmstead-susan/191994/
Sierra Nevada / Mahrs Br\xc3\xa4u Oktoberfest (2016),/sierra-nevada--mahrs-brau-oktoberfest-2016/439036/
Hoppin' Frog Barrel Aged BORIS The Crusher ,/hoppin-frog-barrel-aged-boris-the-crusher/99410/
Alchemist Heady Topper,/alchemist-heady-topper/32329/
Lost Abbey Box Set: Track #10 (Bat out of Hell),/lost-abbey-box-set-track-10-bat-out-of-hell/160461/
De Dolle Oerbier Special Reserva,/de-dolle-oerbier-special-reserva/28132/
Westbrook Mexican Cake Imperial Stout - Double Barrel,/westbrook-mexican-cake-imperial-stout--double-barrel/288520/
Avery Rumpkin,/avery-rumpkin/131832/
The Bruery Humulus Rye,/the-bruery-humulus-rye/399388/
Allagash Little Brett,/allagash-little-brett/385843/
Dark Star Hophead,/dark-star-hophead/16389/
Superstition Peanut Butter Jelly Crime,/superstition-peanut-butter-jelly-crime/402282/
Oskar Blues Dale's Pale Ale,/oskar-blues-dales-pale-ale/11576/
Marz Jungle Boogie,/marz-jungle-boogie/303531/
Great Notion Juice Jr. Session IPA,/great-notion-juice-jr-session-ipa/396435/
Fremont Field to Ferment - Mosaic,/fremont-field-to-ferment--mosaic/453464/
Superstition Aphrodisia Pyment - Cabernet/Syrah,/superstition-aphrodisia-pyment--cabernet-syrah/260182/
Trillium Scaled Up,/trillium-scaled-up/382827/
J. Wakefield Orange Dreamsicle Berliner,/j-wakefield-orange-dreamsicle-berliner/418018/
Oakham Inferno (Bottle),/oakham-inferno-bottle/265635/
De Dolle Oerbier,/de-dolle-oerbier/6860/
Lord Hobo Hobo Life,/lord-hobo-hobo-life/401865/
Founders Backstage Series # 1: Blushing Monk,/founders-backstage-series-1-blushing-monk/148616/
The Bruery Poterie,/the-bruery-poterie/172506/
Trillium Summer Street IPA - Double Dry Hopped,/trillium-summer-street-ipa--double-dry-hopped/339405/
Fuller's Vintage Ale 2013,/fullers-vintage-ale-2013/223320/
Evil Twin Imperial Biscotti Break,/evil-twin-imperial-biscotti-break/168309/
Evil Twin Imperial Doughnut Break,/evil-twin-imperial-doughnut-break/202247/
AleSmith Old Numbskull - Bourbon Barrel Aged,/alesmith-old-numbskull--bourbon-barrel-aged/42090/
Lost Abbey Isabelle Proximus,/lost-abbey-isabelle-proximus/86542/
Westmalle Tripel,/westmalle-tripel/2204/
Heretic Chocolate Hazelnut Porter (CHP),/heretic-chocolate-hazelnut-porter-chp/235853/
Dunham LaPatt Porter Robuste,/dunham-lapatt-porter-robuste/165504/
North Coast Old Rasputin Russian Imperial Stout,/north-coast-old-rasputin-russian-imperial-stout/680/
Trillium Melcher Street IPA,/trillium-melcher-street-ipa/275885/
Abbaye des Rocs Grand Cru,/abbaye-des-rocs-grand-cru/7684/
Lost Abbey The Angels Share - Bourbon Barrel,/lost-abbey-the-angels-share--bourbon-barrel/72798/
Schramm's Cranberry,/schramms-cranberry/335757/
Cigar City Hunahpu's Imperial Stout - Double Barrel Aged,/cigar-city-hunahpus-imperial-stout--double-barrel-aged/249005/
Evil Twin Femme Fatale Yuzu Pale,/evil-twin-femme-fatale-yuzu-pale/228840/
Weihenstephaner Hefeweissbier,/weihenstephaner-hefeweissbier/1156/
Schramm's Madeline,/schramms-madeline/335761/
Trillium Pier,/trillium-pier/289791/
Jolly Pumpkin Calabaza Blanca,/jolly-pumpkin-calabaza-blanca/36706/
Burial Skillet Donut Stout,/burial-skillet-donut-stout/214981/
Rodenbach Caract\xc3\xa8re Rouge,/rodenbach-caractere-rouge/158126/
Schramm's Red Agnes,/schramms-red-agnes/407785/
Schramm's Black Agnes,/schramms-black-agnes/254745/
De Dolle Stille Nacht,/de-dolle-stille-nacht/6862/
Schramm's The Heart of Darkness,/schramms-the-heart-of-darkness/231441/
Cloudwater Spring Summer 2016 - IPL Centennial ,/cloudwater-spring-summer-2016--ipl-centennial/436189/
Evil Twin Imperial Biscotti Break - Bourbon Barrel,/evil-twin-imperial-biscotti-break--bourbon-barrel/236752/
Firestone Walker Pivo Hoppy Pils,/firestone-walker-pivo-hoppy-pils/152845/
Anchor California Lager,/anchor-california-lager/166433/
Founders Breakfast Stout,/founders-breakfast-stout/14956/
Schneider Weisse Tap 5 Meine Hopfen-Weisse,/schneider-weisse-tap-5-meine-hopfen-weisse/75466/
Beachwood Amalgamator,/beachwood-amalgamator/198910/
Fremont Field to Ferment - Simcoe,/fremont-field-to-ferment--simcoe/449327/
Pipeworks Emerald Grouper ,/pipeworks-emerald-grouper/428893/
Brodies Piccadilly Pale Ale,/brodies-piccadilly-pale-ale/365971/
Stone IPA (India Pale Ale),/stone-ipa-india-pale-ale/422/
Flying Dog Heat Series: Ancho Lime Paradise Lager,/flying-dog-heat-series-ancho-lime-paradise-lager/420612/
High Water Campfire Stout,/high-water-campfire-stout/170480/
Modern Times Fruitlands - Passion Fruit & Guava,/modern-times-fruitlands--passion-fruit-guava/374545/
Siren / Magic Rock / Beavertown Rule of Thirds,/siren--magic-rock--beavertown-rule-of-thirds/300938/
Hill Farmstead / Jackie O's / Crooked Stave / Side Project Elaborative #4,/hill-farmstead--jackie-os--crooked-stave--side-project-elaborative-4/367625/
Sante Adairius Fruit Punch #1,/sante-adairius-fruit-punch-1/314588/
Achel Blond Extra,/achel-blond-extra/135870/
St-Feuillien Triple,/st-feuillien-triple/2406/
Arbor / Mezzo Passo Basta Rosse,/arbor--mezzo-passo-basta-rosse/340856/
Redemption Trinity,/redemption-trinity/141297/
Marble Manchester Bitter,/marble-manchester-bitter/16197/
Russian River Pliny the Elder,/russian-river-pliny-the-elder/8936/
Samuel Smiths Oatmeal Stout,/samuel-smiths-oatmeal-stout/87/
Peak Organic Super Fresh,/peak-organic-super-fresh/357191/
G\xc3\xa4nstaller Br\xc3\xa4u Affumicator,/ganstaller-brau-affumicator/106788/
Redwell India Pale Lager,/redwell-india-pale-lager/289521/
Evil Twin Even More Jesus,/evil-twin-even-more-jesus/169724/
Moor Union'Hop,/moor-unionhop/404648/
Firestone Walker Easy Jack,/firestone-walker-easy-jack/254845/
Town Hall Masala Mama IPA,/town-hall-masala-mama-ipa/14052/
Wiseacre Tiny Bomb American Pilsner,/wiseacre-tiny-bomb-american-pilsner/227864/
Point Whole Hog Pumpkin Ale,/point-whole-hog-pumpkin-ale/109480/
Elysian Punkuccino Coffee Pumpkin Ale,/elysian-punkuccino-coffee-pumpkin-ale/232495/
Fair State Festbier,/fair-state-festbier/293719/
Bell's Kalamazoo Stout,/bells-kalamazoo-stout/3209/
2nd Shift Technical Ecstasy,/2nd-shift-technical-ecstasy/341649/
Schramm's Nutmeg,/schramms-nutmeg/279607/
Lost Abbey Framboise de Amorosa,/lost-abbey-framboise-de-amorosa/118146/
WeldWerks Juicy Bits,/weldwerks-juicy-bits/405202/
Surly Bender,/surly-bender/55126/
Surly Hell,/surly-hell/91358/
Capital Autumnal Fire,/capital-autumnal-fire/864/
Weihenstephaner Korbinian,/weihenstephaner-korbinian/7823/
Lagunitas Born Again Yesterday ,/lagunitas-born-again-yesterday/425060/
Roak Devil Dog Oatmeal Stout,/roak-devil-dog-oatmeal-stout/340191/
Three Floyds Permanent Funeral,/three-floyds-permanent-funeral/207415/
Westvleteren 12 (XII),/westvleteren-12-xii/4934/
Cigar City Invasion Pale Ale,/cigar-city-invasion-pale-ale/195576/
Driftwood Raised by Wolves IPA,/driftwood-raised-by-wolves-ipa/353995/
Jack's Abby Excess IPL,/jacks-abby-excess-ipl/329280/
Beyond the Pale Pink Fuzz,/beyond-the-pale-pink-fuzz/193496/
Four Winds Passionfruit Berliner Weisse,/four-winds-passionfruit-berliner-weisse/337193/
Lagunitas Tuberfest,/lagunitas-tuberfest/444171/
Alaskan Heritage Coffee Brown Ale,/alaskan-heritage-coffee-brown-ale/75347/
Vox Populi Anna,/vox-populi-anna/422735/
Schlafly Tasmanian IPA (TIPA),/schlafly-tasmanian-ipa-tipa/187510/
Arrogant Double Bastard Ale in the Rye,/arrogant-double-bastard-ale-in-the-rye/371904/
Hill Farmstead Abner,/hill-farmstead-abner/122097/
La Cumbre Full Nelson,/la-cumbre-full-nelson/197191/
Young's Double Chocolate Stout,/youngs-double-chocolate-stout/139/
The Kernel Dry Stout Citra,/the-kernel-dry-stout-citra/373056/
The Kernel Dry Stout Chinook,/the-kernel-dry-stout-chinook/398787/
Schlafly Double Bean Blonde ,/schlafly-double-bean-blonde/397158/
La Cumbre Elevated IPA,/la-cumbre-elevated-ipa/133713/
The Kernel Pale Ale Cascade Mosaic Nelson Sauvin,/the-kernel-pale-ale-cascade-mosaic-nelson-sauvin/397981/
The Kernel Pale Ale Cascade,/the-kernel-pale-ale-cascade/126192/
Aecht Schlenkerla Helles Lagerbier,/aecht-schlenkerla-helles-lagerbier/16402/
Fat Head's Hop Stalker Fresh Hop IPA,/fat-heads-hop-stalker-fresh-hop-ipa/293365/
Fat Head's IBUsive IPA,/fat-heads-ibusive-ipa/201827/
Wasatch Snap Down India Pale Lager ,/wasatch-snap-down-india-pale-lager/261983/
Stoneface Porter,/stoneface-porter/308906/
Side Project Saison du Fermier From Pinot Noir Puncheons,/side-project-saison-du-fermier-from-pinot-noir-puncheons/433664/
Great Divide Yeti Imperial Stout,/great-divide-yeti-imperial-stout/25082/
Evil Twin Wet Dream,/evil-twin-wet-dream/182660/
Side Project Pulling Nails Blend #3,/side-project-pulling-nails-blend-3/340338/
Superstition Marion Mead - Still,/superstition-marion-mead--still/211340/
BAD Comfortably Numb,/bad-comfortably-numb/292344/
The Kernel Pale Ale Citra Chinook Amarillo,/the-kernel-pale-ale-citra-chinook-amarillo/315149/
The Kernel Export Stout London 1890,/the-kernel-export-stout-london-1890/126190/
Otter Creek 25th Anniversary Double IPL,/otter-creek-25th-anniversary-double-ipl/442822/
McFate Candy Bar Milk Stout,/mcfate-candy-bar-milk-stout/212809/
Societe The Pupil,/societe-the-pupil/175224/
Tired Hands Okt\xc3\xbcberfest,/tired-hands-oktuberfest/186253/
Bear Republic Racer X,/bear-republic-racer-x/12633/
Wicked Weed Barrel Aged Xibalba,/wicked-weed-barrel-aged-xibalba/449596/
Surly Darkness,/surly-darkness/65289/
Knoblach Schammelsdorfer Bockbier,/knoblach-schammelsdorfer-bockbier/60019/
Achel Extra Bruin (de 3 Wijzen),/achel-extra-bruin-de-3-wijzen/18983/
Trillium Cutting Tiles - Mosaic,/trillium-cutting-tiles--mosaic/436810/
Trillium Mettle,/trillium-mettle/256288/
Camba Bavaria Nelson Sauvin Weissbier,/camba-bavaria-nelson-sauvin-weissbier/172501/
Dogfish Head My Antonia,/dogfish-head-my-antonia/116033/
Ommegang Game of Thrones #6 - Seven Kingdoms,/ommegang-game-of-thrones-6--seven-kingdoms/406295/
Le Castor Brett Bitter,/le-castor-brett-bitter/363424/
Black Market Aftermath,/black-market-aftermath/209725/
Buxton Imperial Black,/buxton-imperial-black/161898/
AleSmith Reforged,/alesmith-reforged/361665/
Gulpener Biologisch Ur-Hop,/gulpener-biologisch-ur-hop/264634/
Maine Beer A Tiny Beautiful Something,/maine-beer-a-tiny-beautiful-something/251024/
Prost Wei\xc3\x9fbier,/prost-weissbier/180502/
The Kernel Pale Ale Citra,/the-kernel-pale-ale-citra/139682/
Cloudwater Vermont ESB,/cloudwater-vermont-esb/397404/
Weihenstephaner Kristallweissbier,/weihenstephaner-kristallweissbier/4584/
Les Trois Mousquetaires S.S. Hopfenweisse,/les-trois-mousquetaires-ss-hopfenweisse/176555/
Jester King Repos\xc3\xa9 ,/jester-king-repose/317511/
Avery Liliko'i Kepolo,/avery-lilikoi-kepolo/125959/
Firestone Walker 18 (XVIII Eighteenth Anniversary Ale) ,/firestone-walker-18-xviii-eighteenth-anniversary-ale/298767/
Sierra Nevada Hoptimum,/sierra-nevada-hoptimum/117825/
Founders Imperial Stout,/founders-imperial-stout/5933/
Maisel & Friends Marc's Chocolate Bock,/maisel-friends-marcs-chocolate-bock/185853/
Brodies Shoreditch Sunshine,/brodies-shoreditch-sunshine/156553/
Firestone Walker 17 (XVII Seventeenth Anniversary Ale),/firestone-walker-17-xvii-seventeenth-anniversary-ale/236504/
Hardknott Infra Red,/hardknott-infra-red/129597/
Tree House Alter Ego,/tree-house-alter-ego/339814/
Schneider Weisse Weizen Hell,/schneider-weisse-weizen-hell/9072/
Tree House Sap (December 2015 - ),/tree-house-sap-december-2015--/385871/
Founders Harvest Ale,/founders-harvest-ale/40277/
Victory Kirsch Gose,/victory-kirsch-gose/314785/
Kulmbacher Eisbock,/kulmbacher-eisbock/14367/
Schneider Weisse Tap X Mein Cuv\xc3\xa9e Barrique,/schneider-weisse-tap-x-mein-cuvee-barrique/180392/
AleSmith Anvil ESB,/alesmith-anvil-esb/2500/
Arrogant Double Bastard Ale,/arrogant-double-bastard-ale/11243/
Firestone Walker 16 (XVI Sixteenth Anniversary Ale),/firestone-walker-16-xvi-sixteenth-anniversary-ale/187890/
Firestone Walker 15 (XV),/firestone-walker-15-xv/157928/
Firestone Walker 14,/firestone-walker-14/133383/
Rogue Dead Guy Ale,/rogue-dead-guy-ale/589/
Siren / Cigar City Caribbean Chocolate Cake,/siren--cigar-city-caribbean-chocolate-cake/260237/
Cascade Vlad the Imp Aler,/cascade-vlad-the-imp-aler/96273/
Ballast Point Dead Ringer Oktoberfest,/ballast-point-dead-ringer-oktoberfest/278843/
Tree House Eureka - Citra,/tree-house-eureka--citra/243924/
The Veil Master Master Shredder Shredder,/the-veil-master-master-shredder-shredder/428324/
Charlevoix Dominus Vobiscum Double,/charlevoix-dominus-vobiscum-double/59975/
Dieu du Ciel Solstice d'\xc3\x89t\xc3\xa9 aux Framboises,/dieu-du-ciel-solstice-dete-aux-framboises/8116/
Charlevoix Dominus Vobiscum Triple,/charlevoix-dominus-vobiscum-triple/26564/
Crouch Vale Amarillo,/crouch-vale-amarillo/24922/
Cigar City Good Gourd Imperial Pumpkin Ale,/cigar-city-good-gourd-imperial-pumpkin-ale/97049/
New Belgium 1554 Enlightened Black Lager,/new-belgium-1554-enlightened-black-lager/1266/
Cigar City Guayabera Citra Pale Ale,/cigar-city-guayabera-citra-pale-ale/293597/
Ballast Point Grunion Pale Ale,/ballast-point-grunion-pale-ale/223253/
G\xc3\xa4nstaller Br\xc3\xa4u Zwickelpils,/ganstaller-brau-zwickelpils/65398/
Magic Rock Clown Juice,/magic-rock-clown-juice/177669/
Stillwater Gose Gone Wild - Phuket,/stillwater-gose-gone-wild--phuket/430324/
Magic Rock Rapture,/magic-rock-rapture/145148/
Les Trois Mousquetaires S.S. IPA,/les-trois-mousquetaires-ss-ipa/425456/
The Ale Apothecary Sahati,/the-ale-apothecary-sahati/182982/
Alpine Beer Company Hoppy Birthday,/alpine-beer-company-hoppy-birthday/123454/
Knee Deep Simtra Triple IPA,/knee-deep-simtra-triple-ipa/166154/
Noble Ale Works Citra Showers,/noble-ale-works-citra-showers/244242/
Ale Asylum Bedlam&#033;,/ale-asylum-bedlam/121563/
Anchorage Mosaic Saison,/anchorage-mosaic-saison/328505/
Goose Island Bourbon County Stout - Rare 2015,/goose-island-bourbon-county-stout--rare-2015/374889/
AleSmith Evil Dead Red,/alesmith-evil-dead-red/2496/
Four Winds Juxtapose Wild IPA,/four-winds-juxtapose-wild-ipa/254839/
Lawson's Finest Sip of Sunshine IPA,/lawsons-finest-sip-of-sunshine-ipa/258973/
Ballast Point Grapefruit Sculpin,/ballast-point-grapefruit-sculpin/213365/
Stone RuinTen Triple IPA,/stone-ruinten-triple-ipa/171722/
Hill Farmstead Earl,/hill-farmstead-earl/127227/
Pipeworks Blood of the Unicorn (2015-),/pipeworks-blood-of-the-unicorn-2015-/351068/
Huss Koffee K\xc3\xb6lsch,/huss-koffee-kolsch/347658/
Bell's Quinannan Falls Special Lager,/bells-quinannan-falls-special-lager/111363/
Hoppin' Frog Tower Tuesday: Infusion A - Coffee Porter,/hoppin-frog-tower-tuesday-infusion-a--coffee-porter/261765/
The Kernel Pale Ale Citra Centennial,/the-kernel-pale-ale-citra-centennial/162431/
Orval,/orval/835/
Chimay Triple / Blanche (White) / Cinq Cents,/chimay-triple--blanche-white--cinq-cents/52/
Modern Times Blazing World,/modern-times-blazing-world/218227/
Chimay Bleue (Blue) / Grande R\xc3\xa9serve,/chimay-bleue-blue--grande-reserve/53/
Stone Smoked Porter,/stone-smoked-porter/421/
4 Hands / Wicked Weed Super Flare IPA,/4-hands--wicked-weed-super-flare-ipa/286828/
Stone Enjoy By IPA,/stone-enjoy-by-ipa/183117/
Samuel Smiths Taddy Porter,/samuel-smiths-taddy-porter/94/
AleSmith IPA,/alesmith-ipa/14396/
Bear Republic Hop Rod Rye Ale,/bear-republic-hop-rod-rye-ale/8048/
Westmalle Dubbel,/westmalle-dubbel/2205/
Cellarmaker Neon Nights ,/cellarmaker-neon-nights/393887/
Indeed Day Tripper Pale Ale,/indeed-day-tripper-pale-ale/178169/
Dieu du Ciel P\xc3\xa9ch\xc3\xa9 Mortel ,/dieu-du-ciel-peche-mortel/11461/
Trillium Sleeper Street IPA - Double Dry Hopped,/trillium-sleeper-street-ipa--double-dry-hopped/314822/
Uerige Doppel Sticke,/uerige-doppel-sticke/46158/
Angry Chair German Chocolate Cupcake Stout,/angry-chair-german-chocolate-cupcake-stout/253661/
Port Brewing Older Viscosity,/port-brewing-older-viscosity/66624/
Finnriver Black Currant Lavender,/finnriver-black-currant-lavender/254615/
Hair of the Dog Adam,/hair-of-the-dog-adam/568/
Kane Hop Lab #9 - Citra Pale Ale,/kane-hop-lab-9--citra-pale-ale/353297/
Tree House Haze,/tree-house-haze/272234/
Lambrate American Magut,/lambrate-american-magut/232266/
Blackberry Farm / Evil Twin From Tennessee With Smoke,/blackberry-farm--evil-twin-from-tennessee-with-smoke/422992/
Oakham Scarlet Macaw,/oakham-scarlet-macaw/146284/
Angry Chair The Awakening Coffee Milk Stout,/angry-chair-the-awakening-coffee-milk-stout/307221/
Aecht Schlenkerla Fastenbier,/aecht-schlenkerla-fastenbier/43277/
Stone 20th Anniversary Encore Series: 02.02.02 Vertical Epic Ale,/stone-20th-anniversary-encore-series-020202-vertical-epic-ale/12115/
Fuller's Brewer's Reserve No. 5 Oak Aged Ale,/fullers-brewers-reserve-no-5-oak-aged-ale/427020/
Revolution Citra Hero IPA,/revolution-citra-hero-ipa/272545/
Bierstadt Slow Pour Pils,/bierstadt-slow-pour-pils/446048/
Sierra Nevada / Riegele Oktoberfest (2015),/sierra-nevada--riegele-oktoberfest-2015/343894/
Ballast Point Victory at Sea ,/ballast-point-victory-at-sea/100542/
Smuttynose Robust Porter,/smuttynose-robust-porter/5576/
Trillium Little Rooster,/trillium-little-rooster/220857/
Andechser Doppelbock Dunkel,/andechser-doppelbock-dunkel/1147/
Tree House Bright,/tree-house-bright/393374/
Jack's Abby House Lager,/jacks-abby-house-lager/309389/
Les Trois Mousquetaires S.S. Sticke Alt,/les-trois-mousquetaires-ss-sticke-alt/75012/
Pipeworks The Lizard King,/pipeworks-the-lizard-king/312611/
Pipeworks Ninja Vs Unicorn Double IPA,/pipeworks-ninja-vs-unicorn-double-ipa/165816/
Pipeworks Lil Citra,/pipeworks-lil-citra/392754/
Cidre Dupont R\xc3\xa9serve,/cidre-dupont-reserve/28462/
Sante Adairius Cask Strawberry,/sante-adairius-cask-strawberry/259969/
Pipeworks Crimson Snapper,/pipeworks-crimson-snapper/311813/
Stone Imperial Russian Stout,/stone-imperial-russian-stout/4315/
Port Brewing Old Viscosity,/port-brewing-old-viscosity/19220/
Stillwater Contemporary Works - Yacht,/stillwater-contemporary-works--yacht/321441/
North Coast Old Rasputin (Bourbon Barrel),/north-coast-old-rasputin-bourbon-barrel/71101/
Grand Teton Double Vision Doppelbock,/grand-teton-double-vision-doppelbock/101134/
Stiegl Radler Grapefruit,/stiegl-radler-grapefruit/105438/
Firestone Walker Union Jack IPA,/firestone-walker-union-jack-ipa/76883/
Melvin IPA,/melvin-ipa/130123/
Tired Hands Communication is the Key Lime Pie,/tired-hands-communication-is-the-key-lime-pie/236925/
Beachwood Melrose IPA,/beachwood-melrose-ipa/148604/
Other Half / Bunker Boogie Board Stuntz,/other-half--bunker-boogie-board-stuntz/336049/
AleSmith Double IPA,/alesmith-double-ipa/2497/
Tired Hands MagoTago,/tired-hands-magotago/205427/
Franziskaner Hefe-Weissbier / Weissbier Naturtrub,/franziskaner-hefe-weissbier--weissbier-naturtrub/1088/
Auval Nordet IPA,/auval-nordet-ipa/434685/
Dieu du Ciel L'Herbe \xc3\xa0 D\xc3\xa9tourne,/dieu-du-ciel-lherbe-a-detourne/123975/
Hill Farmstead Everett,/hill-farmstead-everett/126305/
Allagash Curieux,/allagash-curieux/38037/
Hill Farmstead / Kissmeyer / Cambridge Nordic Saison,/hill-farmstead--kissmeyer--cambridge-nordic-saison/273020/
Allagash Ghoulschip,/allagash-ghoulschip/111792/
Prairie Bomb&#033;,/prairie-bomb/215531/
Hill Farmstead Table Dorothy,/hill-farmstead-table-dorothy/362178/
Starcut Ciders Squishy,/starcut-ciders-squishy/327163/
Parallel 49 Tricycle Radler - Grapefruit,/parallel-49-tricycle-radler--grapefruit/234870/
Proclamation Derivative Galaxy Hopped Pale Ale,/proclamation-derivative-galaxy-hopped-pale-ale/294484/
Perrin No Rules Vietnamese Porter,/perrin-no-rules-vietnamese-porter/351067/
Surly SurlyFest,/surly-surlyfest/64349/
Sierra Nevada Ovila Dubbel - Barrel Aged,/sierra-nevada-ovila-dubbel--barrel-aged/181928/
Le Castor Yakima IPA,/le-castor-yakima-ipa/208825/
Unibroue Quelque Chose,/unibroue-quelque-chose/1924/
Civil Society DankStar,/civil-society-dankstar/407661/
Deschutes The Abyss,/deschutes-the-abyss/65832/
AleSmith Speedway Stout,/alesmith-speedway-stout/14232/
Societe The Coachman,/societe-the-coachman/346552/
Dogfish Head 90 Minute Imperial IPA,/dogfish-head-90-minute-imperial-ipa/10569/
Lost Abbey Cuvee de Tomme,/lost-abbey-cuvee-de-tomme/17385/
Toppling Goliath ZeeLander,/toppling-goliath-zeelander/153769/
Toppling Goliath Pompeii IPA,/toppling-goliath-pompeii-ipa/198739/
Hill Farmstead Civil Disobedience (Release 17)  ,/hill-farmstead-civil-disobedience-release-17/406999/
Tree House Very Hazy,/tree-house-very-hazy/397723/
New England Coriolis,/new-england-coriolis/183987/
Auval Frambo\xc3\xabse (2016),/auval-framboese-2016/433247/
Boneyard Notorious IPA3,/boneyard-notorious-ipa3/147093/
Chimay (Red / Rouge / Ale / Premi\xc3\xa8re),/chimay-red--rouge--ale--premiere/51/
Andechser Weissbier Hell,/andechser-weissbier-hell/6002/
Cycle Four Roses BA Rye Stout,/cycle-four-roses-ba-rye-stout/374043/
Pilsner Urquell Nefiltrovan\xc3\xbd,/pilsner-urquell-nefiltrovany/44956/
Tired Hands Guillemot Nebula,/tired-hands-guillemot-nebula/191074/
Pyraser Hopfenpfl\xc3\xbccker Pils,/pyraser-hopfenpflucker-pils/55080/
Ballast Point Indra Kunindra,/ballast-point-indra-kunindra/150262/
J.W. Lees Manchester Star Ale,/jw-lees-manchester-star-ale/14651/
AleSmith Speedway Stout - Vietnamese Coffee,/alesmith-speedway-stout--vietnamese-coffee/159307/
AleSmith Speedway Stout - Vanilla & Coconut,/alesmith-speedway-stout--vanilla-coconut/147261/
Hill Farmstead Society & Solitude #8,/hill-farmstead-society-solitude-8/433782/
Tired Hands HopHands,/tired-hands-hophands/173459/
Neshaminy Creek Punkless Dunkel Pumpkin Wheat Ale,/neshaminy-creek-punkless-dunkel-pumpkin-wheat-ale/286492/
Ale Asylum Ambergeddon,/ale-asylum-ambergeddon/59933/
Millstone Cellars Hopvine,/millstone-cellars-hopvine/240264/
Heineken H41,/heineken-h41/414917/
Beavertown Skull King,/beavertown-skull-king/329934/
Hair of the Dog Matt ,/hair-of-the-dog-matt/99157/
Timothy Taylor Landlord (Cask),/timothy-taylor-landlord-cask/44523/
Tired Hands Shambolic,/tired-hands-shambolic/252225/
Foley Brothers Prospect,/foley-brothers-prospect/352934/
Lawson's Finest Chinookerd IPA,/lawsons-finest-chinookerd-ipa/92737/
Anchor Porter,/anchor-porter/48/
Westvleteren Extra 8,/westvleteren-extra-8/4935/
Salopian Darwin's Origin,/salopian-darwins-origin/94270/
Brooklyn Lager,/brooklyn-lager/528/
Beavertown Black Betty,/beavertown-black-betty/191161/
AleSmith Speedway Stout - Bourbon Barrel Aged,/alesmith-speedway-stout--bourbon-barrel-aged/28173/
Rittmayer Hallerndorfer Bitter 58,/rittmayer-hallerndorfer-bitter-58/338339/
Tilmans Das Helle,/tilmans-das-helle/284682/
Camerons Rye Pale Ale,/camerons-rye-pale-ale/167544/
Driftwood Fat Tug IPA,/driftwood-fat-tug-ipa/133091/
Kern River Just Outstanding IPA,/kern-river-just-outstanding-ipa/60743/
O'Fallon Imperial Pumpkin,/ofallon-imperial-pumpkin/289765/
Stillwater Tenacity (/t&#601;&#712;nas&#601;d&#275;/),/stillwater-tenacity-t601712nas601d275-/376381/
Tired Hands Helles Other People ,/tired-hands-helles-other-people/404618/
The Bruery Melange #14,/the-bruery-melange-14/425053/
Elysian The Great Pumpkin Imperial Pumpkin Ale,/elysian-the-great-pumpkin-imperial-pumpkin-ale/41322/
Boulevard 80-Acre Hoppy Wheat Beer,/boulevard-80-acre-hoppy-wheat-beer/181865/
Beyond the Pale Aromatherapy - American IPA,/beyond-the-pale-aromatherapy--american-ipa/384806/
Melvin Hubert MPA,/melvin-hubert-mpa/291975/
Deschutes Fresh Squeezed IPA,/deschutes-fresh-squeezed-ipa/119596/
Sierra Nevada Vienna Lager,/sierra-nevada-vienna-lager/58996/
Great Divide Yeti Imperial Stout - Oak Aged ,/great-divide-yeti-imperial-stout--oak-aged/37652/
Cigar City Hunahpu's Imperial Stout,/cigar-city-hunahpus-imperial-stout/97078/
Stone 20th Anniversary Encore Series: 10th Anniversary IPA,/stone-20th-anniversary-encore-series-10th-anniversary-ipa/63291/
Great Divide Hercules Double IPA,/great-divide-hercules-double-ipa/32751/
Tallgrass Zombie Monkie,/tallgrass-zombie-monkie/229763/
Hill Farmstead Sumner,/hill-farmstead-sumner/409339/
Fremont Field to Ferment - Citra,/fremont-field-to-ferment--citra/452745/
Alpine Beer Company Pure Hoppiness,/alpine-beer-company-pure-hoppiness/18829/
Boulevard Ginger Lemon Radler,/boulevard-ginger-lemon-radler/254155/
Momokawa G Joy Junmai Ginjo Genshu Sake,/momokawa-g-joy-junmai-ginjo-genshu-sake/54355/
Almanac Saison de Brettaville,/almanac-saison-de-brettaville/364123/
Urban Chestnut Oachkatzlschwoaf,/urban-chestnut-oachkatzlschwoaf/154922/
Rock Art Humble Harvester,/rock-art-humble-harvester/286618/
Alaskan Smoked Porter,/alaskan-smoked-porter/16/
Siren / Cigar City Caribbean Chocolate Cake (Barrel Aged),/siren--cigar-city-caribbean-chocolate-cake-barrel-aged/419051/
Fuller's 1845,/fullers-1845/294/
Jack's Abby Copper Legend,/jacks-abby-copper-legend/182391/
New Belgium La Folie,/new-belgium-la-folie/10513/
Stone Go To IPA,/stone-go-to-ipa/253833/
Prairie Apple Brandy Barrel Noir,/prairie-apple-brandy-barrel-noir/311784/
Stone Bastard's Midnight Brunch,/stone-bastards-midnight-brunch/414489/
40ft Larger,/40ft-larger/337533/
Karbach Krunkin Pumpkin,/karbach-krunkin-pumpkin/188324/
Allagash Avanc\xc3\xa9,/allagash-avance/69525/
De Dolle Stille Nacht Special Reserva 2005,/de-dolle-stille-nacht-special-reserva-2005/59477/
La Rulles Estivale,/la-rulles-estivale/48719/
Jolly Pumpkin Oro de Calabaza,/jolly-pumpkin-oro-de-calabaza/36703/
Russian River Toronado 25th Anniversary,/russian-river-toronado-25th-anniversary/181895/
De Garde Imperial Boysenberry (Boysen) Bu,/de-garde-imperial-boysenberry-boysen-bu/245684/
Bell's Hopslam,/bells-hopslam/35488/
Hill Farmstead Damon,/hill-farmstead-damon/142050/
Hill Farmstead Self-Reliance #1,/hill-farmstead-self-reliance-1/427873/
Hill Farmstead George,/hill-farmstead-george/156903/
Hill Farmstead Song of Joy,/hill-farmstead-song-of-joy/356536/
Sierra Nevada Kellerweis Hefeweizen,/sierra-nevada-kellerweis-hefeweizen/100383/
Columbus Bodhi,/columbus-bodhi/110184/
Victory Prima Pils,/victory-prima-pils/619/
Siren Vermont Tea Party,/siren-vermont-tea-party/407686/
Hill Farmstead Aaron,/hill-farmstead-aaron/284884/
The Livery Bourbon Barrel Aged Wheat Trippelbock,/the-livery-bourbon-barrel-aged-wheat-trippelbock/49981/
Andechser Weissbier Dunkel,/andechser-weissbier-dunkel/6003/
Maine Beer Lunch,/maine-beer-lunch/145241/
Magic Rock / Fork & Brewer The Upside Down,/magic-rock--fork-brewer-the-upside-down/450866/
Unibroue La Fin du Monde,/unibroue-la-fin-du-monde/1094/
Rogue Farms Fresh Roast Ale,/rogue-farms-fresh-roast-ale/214272/
New Glarus Moon Man No Coast Pale Ale,/new-glarus-moon-man-no-coast-pale-ale/118767/
Other Half Mosaic,/other-half-mosaic/332700/
Peekskill Amazeballs,/peekskill-amazeballs/185129/
Indeed Dandy Lager,/indeed-dandy-lager/333675/
Sweetwater Hash Brown,/sweetwater-hash-brown/356281/
Saugatuck Barrel Aged Neapolitan Milk Stout,/saugatuck-barrel-aged-neapolitan-milk-stout/253614/
Monkish Haiku De Saison,/monkish-haiku-de-saison/368328/
Great Notion Double Stack Northwest Breakfast Stout,/great-notion-double-stack-northwest-breakfast-stout/396436/
Bell's Special Double Cream Stout,/bells-special-double-cream-stout/3212/
Avery Pump[KY]n,/avery-pumpkyn/287723/
Half Acre Akari Shogun,/half-acre-akari-shogun/175388/
Cloudwater / Burning Sky Old Garde (Red Wine Barrel Aged),/cloudwater--burning-sky-old-garde-red-wine-barrel-aged/418382/
Auval Super A Double IPA,/auval-super-a-double-ipa/384097/
Perrin Black Goat,/perrin-black-goat/203015/
Ommegang Hop House,/ommegang-hop-house/242426/
Avery Uncle Jacob's Stout,/avery-uncle-jacobs-stout/167223/
Ommegang Rosetta ,/ommegang-rosetta/362980/
De Dolle Dulle Teve 10\xc2\xba (Mad Bitch),/de-dolle-dulle-teve-10-mad-bitch/6875/
Squatters Live & Let Live Kristallweizen,/squatters-live-let-live-kristallweizen/427599/
Trillium Vicinity,/trillium-vicinity/311024/
Cascade Noyaux,/cascade-noyaux/187304/
Almanac Craft Pilsner,/almanac-craft-pilsner/426431/
Central Waters Brewer's Reserve Bourbon Barrel Scotch Ale,/central-waters-brewers-reserve-bourbon-barrel-scotch-ale/63097/
Baladin Xyauy\xc3\xb9 Fum\xc3\xa9 (Islay Whisky),/baladin-xyauyu-fume-islay-whisky/188066/
Epic / DC Brau Fermentation Without Representation,/epic--dc-brau-fermentation-without-representation/158067/
Firestone Walker Stickee Monkee,/firestone-walker-stickee-monkee/133381/
Superstition Straw Berry White,/superstition-straw-berry-white/335470/
Lost Abbey The Angels Share,/lost-abbey-the-angels-share/64975/
Surly Blakkr,/surly-blakkr/252611/
Deschutes Big Rig Bitter,/deschutes-big-rig-bitter/101691/
Peak Organic The Juice,/peak-organic-the-juice/439492/
Knee Deep Breaking Bud IPA,/knee-deep-breaking-bud-ipa/308727/
Heavy Seas Uncharted Waters: The Great'ER Pumpkin,/heavy-seas-uncharted-waters-the-greater-pumpkin/114628/
Fuller's ESB (Bottle/Keg),/fullers-esb-bottle-keg/290/
Les Trois Mousquetaires G.C. Porter Baltique (Bourbon & Brandy),/les-trois-mousquetaires-gc-porter-baltique-bourbon-brandy/230352/
Southern Tier Rum Barrel Aged Pumking,/southern-tier-rum-barrel-aged-pumking/300262/
Buxton Jacob's Ladder,/buxton-jacobs-ladder/221709/
Four Winds Nectarous,/four-winds-nectarous/254840/
Jolly Pumpkin Bi\xc3\xa8re de Mars,/jolly-pumpkin-biere-de-mars/47030/
Boulevard Smokestack Series: Saison-Brett,/boulevard-smokestack-series-saison-brett/61449/
Goose Island Bourbon County Stout,/goose-island-bourbon-county-stout/8909/
Moor So'Hop,/moor-sohop/164416/
York Centurion's Ghost Ale (Cask),/york-centurions-ghost-ale-cask/45131/
Ayinger Celebrator Doppelbock,/ayinger-celebrator-doppelbock/1090/
Bissell Brothers Swish,/bissell-brothers-swish/298864/
Ayinger Altbairisch Dunkel,/ayinger-altbairisch-dunkel/2019/
Auval C-12 Pivo,/auval-c-12-pivo/433244/
Anchorage Galaxy White IPA,/anchorage-galaxy-white-ipa/161579/
The Bruery / Maine Beer Fourthmeal,/the-bruery--maine-beer-fourthmeal/377250/
Anchor Winter Wheat,/anchor-winter-wheat/295879/
Evil Twin Bikini Beer,/evil-twin-bikini-beer/149843/
Capital Oktoberfest,/capital-oktoberfest/860/
Payette North Fork Lager,/payette-north-fork-lager/183839/
Superstition Endovelicus,/superstition-endovelicus/335468/
Roslyn Brookside Pale Lager,/roslyn-brookside-pale-lager/12307/
Uinta Crooked Line Oak Jacked Imperial Pumpkin,/uinta-crooked-line-oak-jacked-imperial-pumpkin/146213/
Oskar Blues Ten FIDY,/oskar-blues-ten-fidy/68107/
Trillium Congress Street IPA,/trillium-congress-street-ipa/232181/
Weird Beard Dark Hopfler,/weird-beard-dark-hopfler/257261/
Founders Centennial IPA,/founders-centennial-ipa/3168/
Crooked Stave Table Beer,/crooked-stave-table-beer/302799/
Charlevoix Vache Folle ESB,/charlevoix-vache-folle-esb/33047/
J.K.'s Cuv\xc3\xa9e Winterruption Farmhouse Hard Cider,/jks-cuvee-winterruption-farmhouse-hard-cider/113726/
New Glarus Raspberry Tart,/new-glarus-raspberry-tart/7686/
Cambridge Morning Dew,/cambridge-morning-dew/283510/
Firestone Walker Parabola,/firestone-walker-parabola/60246/
Cigar City Maduro Brown Ale - Vanilla,/cigar-city-maduro-brown-ale--vanilla/104134/
Fuller's London Porter (Bottle/Keg),/fullers-london-porter-bottle-keg/303/
Lawson's Finest Super Session IPA #2,/lawsons-finest-super-session-ipa-2/274596/
Victory HopDevil,/victory-hopdevil/618/
Tr\xc3\xb6egs HopBack Amber Ale,/troegs-hopback-amber-ale/17495/
Trillium Stillings Street IPA,/trillium-stillings-street-ipa/444497/
Rogue HazelNut Brown Nectar,/rogue-hazelnut-brown-nectar/585/
Bear Republic Racer 5 IPA,/bear-republic-racer-5-ipa/1608/
Central Waters Headless Heron,/central-waters-headless-heron/291246/
Dieu du Ciel Solstice d'Hiver R\xc3\xa9serve Sp\xc3\xa9ciale (Oak Aged - Bourbon),/dieu-du-ciel-solstice-dhiver-reserve-speciale-oak-aged--bourbon/117462/
Night Shift Awake,/night-shift-awake/361859/
Lagunitas Sonoma Farmhouse Hop Stoopid,/lagunitas-sonoma-farmhouse-hop-stoopid/69933/
Mashsee Beverly Pils,/mashsee-beverly-pils/417973/
Gulden Draak,/gulden-draak/3958/
Wicked Weed Medora Blackberry Raspberry Sour,/wicked-weed-medora-blackberry-raspberry-sour/264920/
Sierra Nevada Harvest Wet Hop IPA - Northern Hemisphere,/sierra-nevada-harvest-wet-hop-ipa--northern-hemisphere/131958/
Hill Farmstead Everett - Bourbon Barrel Aged (2011),/hill-farmstead-everett--bourbon-barrel-aged-2011/135762/
Dieu du Ciel R\xc3\xa9surrection,/dieu-du-ciel-resurrection/8111/
Casey The Cut: Balaton Cherry,/casey-the-cut-balaton-cherry/330654/
Tired Hands Alien Church,/tired-hands-alien-church/251307/
Tree House Ma,/tree-house-ma/207501/
Cigar City Puppy's Breath Robust Porter,/cigar-city-puppys-breath-robust-porter/128242/
Schneider Aventinus Weizen-Eisbock,/schneider-aventinus-weizen-eisbock/10514/
Cycle / 3 Sons Rare Scooop,/cycle--3-sons-rare-scooop/420014/
Zero Gravity Vienna Lager,/zero-gravity-vienna-lager/57018/
Dogfish Head Palo Santo Marron,/dogfish-head-palo-santo-marron/66797/
Dogfish Head 75 Minute IPA (Cask/Bottle),/dogfish-head-75-minute-ipa-cask-bottle/101034/
Stone Stochasticity Project Grainiac,/stone-stochasticity-project-grainiac/374677/
Narragansett Del's Shandy,/narragansett-dels-shandy/265556/
Central Waters Ardea Insignis Imperial Stout,/central-waters-ardea-insignis-imperial-stout/419849/
Dogfish Head Namaste White,/dogfish-head-namaste-white/106337/
Hill Farmstead / Blaugies Le Sarrasin,/hill-farmstead--blaugies-le-sarrasin/257839/
Lagunitas A Little Sumpin' Sumpin' Ale ,/lagunitas-a-little-sumpin-sumpin-ale/103006/
Le Trou du Diable Germaine,/le-trou-du-diable-germaine/57979/
Three Floyds Conquistador De Muerte (Bourbon),/three-floyds-conquistador-de-muerte-bourbon/110352/
Dogfish Head World Wide Stout 2001/2003-Present (18%),/dogfish-head-world-wide-stout-2001-2003-present-18/5923/
Cigar City Cider and Mead Homemade Apple Pie Cider,/cigar-city-cider-and-mead-homemade-apple-pie-cider/230631/
Grimm Lambo Door,/grimm-lambo-door/353386/
Stillwater Contemporary Works - Surround,/stillwater-contemporary-works--surround/312714/
Weltenburger Kloster Barock Dunkel,/weltenburger-kloster-barock-dunkel/4024/
Tree House Juice Machine (2015- ),/tree-house-juice-machine-2015-/385710/
Trillium Scaled - Double Dry Hopped,/trillium-scaled--double-dry-hopped/390513/
O'Hanlon's Thomas Hardy's Ale (2003 - 2008),/ohanlons-thomas-hardys-ale-2003--2008/31915/
Firestone Walker Double Jack IPA,/firestone-walker-double-jack-ipa/106045/
Lagunitas Sucks,/lagunitas-sucks/158433/
pFriem Pilsner,/pfriem-pilsner/214896/
Kuhnhenn Raspberry Eisbock,/kuhnhenn-raspberry-eisbock/25627/
Toppling Goliath pseudoSue,/toppling-goliath-pseudosue/149475/
New Glarus Strawberry Rhubarb,/new-glarus-strawberry-rhubarb/221454/
Baladin Birra Lurisia Dodici (12),/baladin-birra-lurisia-dodici-12/96407/
Prairie Pirate Bomb&#033;,/prairie-pirate-bomb/234388/
Great Divide Old Ruffian - Barrel Aged ,/great-divide-old-ruffian--barrel-aged/93978/
Paradox Beer Skully Barrel No. 30,/paradox-beer-skully-barrel-no-30/355182/
Unibroue 17,/unibroue-17/83527/
Dunham Saison Cassis,/dunham-saison-cassis/281930/
Goose Island Matilda,/goose-island-matilda/23624/
5 Rabbit Vida y Muerte Muertzenbier,/5-rabbit-vida-y-muerte-muertzenbier/159078/
Evil Twin Yin & Yang,/evil-twin-yin-yang/172102/
Les Vergers de la Colline Honey Crisp Sour,/les-vergers-de-la-colline-honey-crisp-sour/270596/
Banded Horn Luminaire,/banded-horn-luminaire/371741/
Modern Times Fortunate Islands,/modern-times-fortunate-islands/218229/
Sante Adairius Cask 200,/sante-adairius-cask-200/224892/
American Solera Foeder Cerise,/american-solera-foeder-cerise/443246/
Modern Times Fortunate Islands - Grapefruit Zest,/modern-times-fortunate-islands--grapefruit-zest/259160/
Avery The Maharaja Imperial India Pale Ale,/avery-the-maharaja-imperial-india-pale-ale/44485/
AleSmith Nut Brown English-Style Ale (Bottle and Draft),/alesmith-nut-brown-english-style-ale-bottle-and-draft/2498/
Timothy Taylor Landlord (Bottle),/timothy-taylor-landlord-bottle/4439/
The Kernel India Pale Ale Citra,/the-kernel-india-pale-ale-citra/137414/
Schneider Weisse Tap X Mathilda Soleil,/schneider-weisse-tap-x-mathilda-soleil/319360/
Deschutes Obsidian Stout,/deschutes-obsidian-stout/2138/
Deschutes Black Butte Porter,/deschutes-black-butte-porter/2125/
Lost Abbey 10 Commandments,/lost-abbey-10-commandments/72830/
The Bruery Wineification III,/the-bruery-wineification-iii/372715/
Superstition Aphrodisia Pyment - Syrah/Grenache,/superstition-aphrodisia-pyment--syrah-grenache/260184/
Hill Farmstead Vera Mae (Wine Barrel / 2016),/hill-farmstead-vera-mae-wine-barrel--2016/441073/
Abbaye des Rocs Triple Imp\xc3\xa9riale,/abbaye-des-rocs-triple-imperiale/40722/
Lost Abbey Saints Devotion,/lost-abbey-saints-devotion/93776/
Half Acre Daisy Cutter,/half-acre-daisy-cutter/102472/
Crooked Stave Nightmare on Brett (Raspberry),/crooked-stave-nightmare-on-brett-raspberry/397486/
Epic Utah Sage Saison ,/epic-utah-sage-saison/161680/
Three Floyds Dark Lord Russian Imperial Stout,/three-floyds-dark-lord-russian-imperial-stout/15917/
Einbecker 1378,/einbecker-1378/404900/
Three Floyds Amber Smashed Face,/three-floyds-amber-smashed-face/368397/
AleSmith Grand Cru,/alesmith-grand-cru/2488/
Bell's Java Stout,/bells-java-stout/10338/
