naslov,kozarec
/arrogant-bastard-ale/1315/,Snifter
/arrogant-bastard-ale/1315/,Tulip
/pipeworks-lil-citra/392754/,English pint
/pipeworks-lil-citra/392754/,Shaker
/pipeworks-lil-citra/392754/,Stem glass
/pipeworks-lil-citra/392754/,Tumbler
/buxton--omnipollo-lemon-meringue-ice-cream-pie/447868/,Flute
/buxton--omnipollo-lemon-meringue-ice-cream-pie/447868/,Shaker
/founders-breakfast-stout/14956/,Snifter
/trillium--amager-sigtebrod/454740/,Shaker
/trillium--amager-sigtebrod/454740/,Tulip
/crouch-vale-amarillo/24922/,English pint
/crouch-vale-amarillo/24922/,Shaker
/victory-cage-radler/351429/,Shaker
/rodenbach-alexander/1195/,Snifter
/rodenbach-alexander/1195/,Tulip
/rodenbach-alexander/1195/,Tumbler
/oskar-blues-hotbox-coffee-porter/132098/,English pint
/oskar-blues-hotbox-coffee-porter/132098/,Shaker
/schneider-weisse-tap-x-mathilda-soleil/319360/,Dimpled mug
/schneider-weisse-tap-x-mathilda-soleil/319360/,Stein
/schneider-weisse-tap-x-mathilda-soleil/319360/,Weizen
/tired-hands-ourison/372558/,Tulip
/founders-imperial-stout/5933/,Snifter
/dublin-1798-revolution-red/387/,English pint
/founders-centennial-ipa/3168/,Shaker
/founders-centennial-ipa/3168/,Tulip
/hill-farmstead-edward/120812/,Lager glass
/hill-farmstead-edward/120812/,Shaker
/hill-farmstead-edward/120812/,Tulip
/ganstaller-brau-affumicator/106788/,Dimpled mug
/ganstaller-brau-affumicator/106788/,Lager glass
/ganstaller-brau-affumicator/106788/,Stein
/stone-ipa-india-pale-ale/422/,Shaker
/stone-ipa-india-pale-ale/422/,Tulip
/orval/835/,Trappist glass
/orval/835/,Tulip
/orval/835/,Tumbler
/dangerous-man-peanut-butter-porter/299129/,English pint
/dangerous-man-peanut-butter-porter/299129/,Shaker
/chimay-triple--blanche-white--cinq-cents/52/,Trappist glass
/chimay-triple--blanche-white--cinq-cents/52/,Tulip
/stone-go-to-ipa/253833/,English pint
/stone-go-to-ipa/253833/,Shaker
/stone-go-to-ipa/253833/,Stem glass
/stone-go-to-ipa/253833/,Tumbler
/night-shift-furth/346002/,Weizen
/st-ambroise-oatmeal-stout/839/,English pint
/st-ambroise-oatmeal-stout/839/,Shaker
/st-ambroise-oatmeal-stout/839/,Snifter
/charlevoix-dominus-vobiscum-lupulus/82225/,Trappist glass
/charlevoix-dominus-vobiscum-lupulus/82225/,Tulip
/charlevoix-dominus-vobiscum-lupulus/82225/,Tumbler
/founders-pc-pils/382690/,Flute
/founders-pc-pils/382690/,Footed Pilsner
/stillwater-contemporary-works--surround/312714/,Dimpled mug
/stillwater-contemporary-works--surround/312714/,Lager glass
/stillwater-contemporary-works--surround/312714/,Stein
/de-dolle-oerbier/6860/,Trappist glass
/de-dolle-oerbier/6860/,Tulip
/de-dolle-oerbier/6860/,Tumbler
/aecht-schlenkerla-rauchbier-urbock/6349/,Dimpled mug
/aecht-schlenkerla-rauchbier-urbock/6349/,Lager glass
/aecht-schlenkerla-rauchbier-urbock/6349/,Stein
/lost-abbey-box-set-track-10-bat-out-of-hell/160461/,Snifter
/youngs-double-chocolate-stout/139/,English pint
/youngs-double-chocolate-stout/139/,Shaker
/youngs-double-chocolate-stout/139/,Snifter
/ayinger-celebrator-doppelbock/1090/,Dimpled mug
/ayinger-celebrator-doppelbock/1090/,Stein
/ayinger-celebrator-doppelbock/1090/,Stem glass
/boulevard-ginger-lemon-radler/254155/,Shaker
/alesmith-speedway-stout--vietnamese-coffee/159307/,Snifter
/anchor-porter/48/,English pint
/anchor-porter/48/,Shaker
/magic-rock--fork-brewer-the-upside-down/450866/,Tumbler
/magic-rock--fork-brewer-the-upside-down/450866/,Weizen
/fullers-london-porter-bottle-keg/303/,English pint
/fullers-london-porter-bottle-keg/303/,Shaker
/weihenstephaner-korbinian/7823/,Dimpled mug
/weihenstephaner-korbinian/7823/,Stein
/weihenstephaner-korbinian/7823/,Stem glass
/anchorage-whiteout-wit-bier/146191/,Tumbler
/anchorage-whiteout-wit-bier/146191/,Weizen
/clown-shoes-archdruid/441796/,English pint
/smuttynose-robust-porter/5576/,English pint
/smuttynose-robust-porter/5576/,Shaker
/ballast-point-sculpin-ipa/50008/,Shaker
/ballast-point-sculpin-ipa/50008/,Tulip
/evil-twin-imperial-biscotti-break/168309/,Snifter
/sierra-nevada-hoptimum/117825/,Shaker
/sierra-nevada-hoptimum/117825/,Snifter
/surly-coffee-bender/59862/,Dimpled mug
/surly-coffee-bender/59862/,Shaker
/siren-liquid-mistress/204310/,English pint
/siren-liquid-mistress/204310/,Shaker
/sante-adairius-bright-sea-blonde/209548/,Snifter
/sante-adairius-bright-sea-blonde/209548/,Tulip
/sante-adairius-bright-sea-blonde/209548/,Tumbler
/schramms-black-agnes/254745/,Snifter
/schramms-black-agnes/254745/,Stem glass
/weltenburger-kloster-asam-bock/4025/,Dimpled mug
/weltenburger-kloster-asam-bock/4025/,Stein
/weltenburger-kloster-asam-bock/4025/,Stem glass
/stillwater-contemporary-works--yacht/321441/,Dimpled mug
/stillwater-contemporary-works--yacht/321441/,Lager glass
/stillwater-contemporary-works--yacht/321441/,Shaker
/cycle--3-sons-rare-scooop/420014/,Snifter
/ballast-point-mocha-marlin/378420/,English pint
/ballast-point-mocha-marlin/378420/,Shaker
/bells-expedition-stout/3214/,Snifter
/brew-by-numbers-03-05-porter--willamette-centennial/393076/,English pint
/brew-by-numbers-03-05-porter--willamette-centennial/393076/,Shaker
/smuttynose-baltic-porter/83476/,English pint
/smuttynose-baltic-porter/83476/,Shaker
/smuttynose-baltic-porter/83476/,Snifter
/cloudwater-dipa--v8/455619/,Shaker
/cloudwater-dipa--v8/455619/,Snifter
/millstone-cellars-hopvine/240264/,Bowl
/millstone-cellars-hopvine/240264/,Flute
/millstone-cellars-hopvine/240264/,Lager glass
/great-notion-juice-box-double-ipa/396434/,Shaker
/great-notion-juice-box-double-ipa/396434/,Snifter
/three-floyds-wigsplitter/342218/,English pint
/three-floyds-wigsplitter/342218/,Shaker
/northern-monk-patrons-projects-101-coffee-porter/434783/,English pint
/northern-monk-patrons-projects-101-coffee-porter/434783/,Shaker
/three-floyds-alpha-king/1432/,Lager glass
/three-floyds-alpha-king/1432/,Shaker
/three-floyds-alpha-king/1432/,Tulip
/griess-kellerbier/28669/,Dimpled mug
/griess-kellerbier/28669/,Lager glass
/griess-kellerbier/28669/,Stein
/founders-backwoods-bastard/69624/,Thistle
/beavertown-gamma-ray/189363/,Lager glass
/beavertown-gamma-ray/189363/,Shaker
/beavertown-gamma-ray/189363/,Tulip
/modern-times-city-of-the-dead/312152/,English pint
/modern-times-city-of-the-dead/312152/,Snifter
/modern-times-city-of-the-dead/312152/,Tulip
/rodenbach-vintage/112249/,Snifter
/rodenbach-vintage/112249/,Tulip
/rodenbach-vintage/112249/,Tumbler
/schneider-tap-4-meine-festweisse/6212/,Weizen
/wicked-weed-pernicious-ipa/328500/,Shaker
/wicked-weed-pernicious-ipa/328500/,Tulip
/buxton-extra-porter/409056/,English pint
/buxton-extra-porter/409056/,Shaker
/lost-abbey-red-poppy-ale/77393/,Snifter
/lost-abbey-red-poppy-ale/77393/,Tulip
/lost-abbey-red-poppy-ale/77393/,Tumbler
/schell-noble-star--starkeller-peach/340928/,Bowl
/salopian-kashmir/109471/,Lager glass
/salopian-kashmir/109471/,Shaker
/salopian-kashmir/109471/,Tulip
/beaus-wag-the-wolf/205741/,Shaker
/beaus-wag-the-wolf/205741/,Weizen
/bush-de-charmes/315140/,Trappist glass
/bush-de-charmes/315140/,Tulip
/bush-de-charmes/315140/,Tumbler
/evil-twin-mosaic-single-hop-imperial-india-pale-american-wheat-lager/301903/,Dimpled mug
/evil-twin-mosaic-single-hop-imperial-india-pale-american-wheat-lager/301903/,Footed Pilsner
/evil-twin-mosaic-single-hop-imperial-india-pale-american-wheat-lager/301903/,Lager glass
/evil-twin-mosaic-single-hop-imperial-india-pale-american-wheat-lager/301903/,Stein
/mikkeller-san-diego-california-dream/414045/,Flute
/mikkeller-san-diego-california-dream/414045/,Footed Pilsner
/maisels-weisse-original/4560/,Weizen
/arrogant-who-you-callin-wussie/429477/,Flute
/arrogant-who-you-callin-wussie/429477/,Footed Pilsner
/paulaner-hefe-weissbier-hefe-weizen-55/647/,Weizen
/maui-brewing-coconut-hiwa-porter/59330/,English pint
/maui-brewing-coconut-hiwa-porter/59330/,Shaker
/boombox--machine-pablo-esco-gnar/454620/,Shaker
/boombox--machine-pablo-esco-gnar/454620/,Tulip
/fremont-brew-1000/270858/,Snifter
/cloudwater-spring-summer-2016-ipa-citra/399366/,Shaker
/cloudwater-spring-summer-2016-ipa-citra/399366/,Tulip
/modern-times-neverwhere/218230/,Shaker
/modern-times-neverwhere/218230/,Tulip
/stillwater-contemporary-works--mono/312704/,Lager glass
/cellarmaker-dobis-pa/233799/,Lager glass
/cellarmaker-dobis-pa/233799/,Shaker
/cellarmaker-dobis-pa/233799/,Tulip
/beavertown--boneyard-bloody-notorious/426167/,Shaker
/beavertown--boneyard-bloody-notorious/426167/,Snifter
/anspach-hobday-the-porter/249269/,English pint
/anspach-hobday-the-porter/249269/,Shaker
/the-kernel-pale-ale-nelson-sauvin/122857/,Lager glass
/the-kernel-pale-ale-nelson-sauvin/122857/,Shaker
/the-kernel-pale-ale-nelson-sauvin/122857/,Tulip
/funky-buddha-last-snow-porter/139108/,English pint
/funky-buddha-last-snow-porter/139108/,Shaker
/upright-flora-rustica-barrel-aged/221903/,Tulip
/ayinger-oktober-fest-marzen/2718/,Dimpled mug
/ayinger-oktober-fest-marzen/2718/,Stein
/maine-beer-peeper-ale/107273/,Lager glass
/maine-beer-peeper-ale/107273/,Shaker
/maine-beer-peeper-ale/107273/,Tulip
/lakefront-imperial-pumpkin-2014-/286917/,Lager glass
/lakefront-imperial-pumpkin-2014-/286917/,Shaker
/lakefront-imperial-pumpkin-2014-/286917/,Tumbler
/surly--amager-todd--the-axe-man-surly-version/289004/,Shaker
/surly--amager-todd--the-axe-man-surly-version/289004/,Tulip
/alchemist-the-crusher/90987/,Shaker
/alchemist-the-crusher/90987/,Snifter
/buxton-high-tor/159608/,English pint
/buxton-high-tor/159608/,Shaker
/firestone-walker-wookey-jack-black-rye-ipa/167331/,Shaker
/firestone-walker-wookey-jack-black-rye-ipa/167331/,Tulip
/fair-state-vienna/315036/,Dimpled mug
/fair-state-vienna/315036/,Lager glass
/fair-state-vienna/315036/,Shaker
/central-waters-hhg-apa/325231/,Lager glass
/central-waters-hhg-apa/325231/,Shaker
/central-waters-hhg-apa/325231/,Tulip
/cigar-city-good-gourd-almighty--bourbon-barrel/405033/,Lager glass
/cigar-city-good-gourd-almighty--bourbon-barrel/405033/,Shaker
/cigar-city-good-gourd-almighty--bourbon-barrel/405033/,Tumbler
/new-glarus-unplugged-smoke-on-the-porter/80590/,Dimpled mug
/new-glarus-unplugged-smoke-on-the-porter/80590/,Lager glass
/new-glarus-unplugged-smoke-on-the-porter/80590/,Stein
/otter-creek--lawsons-finest-liquids-double-dose-ipa/230534/,Shaker
/otter-creek--lawsons-finest-liquids-double-dose-ipa/230534/,Snifter
/ommegang-game-of-thrones-4--valar-morghulis/265444/,Trappist glass
/ommegang-game-of-thrones-4--valar-morghulis/265444/,Tulip
/bells-two-hearted-ale/1502/,Shaker
/bells-two-hearted-ale/1502/,Tulip
/hill-farmstead-dorothy-2015-/321875/,Tulip
/bells-the-oracle-dipa-ale/106028/,Shaker
/bells-the-oracle-dipa-ale/106028/,Snifter
/jackie-os-bourbon-barrel-barking-pumpkin/295852/,Lager glass
/jackie-os-bourbon-barrel-barking-pumpkin/295852/,Shaker
/jackie-os-bourbon-barrel-barking-pumpkin/295852/,Tumbler
/modern-times-sleepless-city--vanilla-cocoa-nibs/304122/,Dimpled mug
/modern-times-sleepless-city--vanilla-cocoa-nibs/304122/,Shaker
/oskar-blues--shamrock-death-by-coconut/261714/,English pint
/oskar-blues--shamrock-death-by-coconut/261714/,Shaker
/lagunitas-born-yesterday-pale-ale/295821/,Lager glass
/lagunitas-born-yesterday-pale-ale/295821/,Shaker
/lagunitas-born-yesterday-pale-ale/295821/,Tulip
/trillium-fort-point-pale-ale--galaxy-dry-hopped/279560/,Lager glass
/trillium-fort-point-pale-ale--galaxy-dry-hopped/279560/,Shaker
/trillium-fort-point-pale-ale--galaxy-dry-hopped/279560/,Tulip
/dieu-du-ciel-aphrodisiaque/24350/,English pint
/dieu-du-ciel-aphrodisiaque/24350/,Shaker
/dieu-du-ciel-aphrodisiaque/24350/,Snifter
/unibroue-trois-pistoles/1926/,Trappist glass
/toppling-goliath-intergalactic-warrior-ipa/179986/,Shaker
/toppling-goliath-intergalactic-warrior-ipa/179986/,Tulip
/tree-house-doppelganger/390787/,Shaker
/tree-house-doppelganger/390787/,Snifter
/three-floyds-zombie-dust/135404/,Lager glass
/three-floyds-zombie-dust/135404/,Shaker
/three-floyds-zombie-dust/135404/,Tulip
/fat-heads-spooky-tooth-imperial-pumpkin-ale/151214/,Lager glass
/fat-heads-spooky-tooth-imperial-pumpkin-ale/151214/,Shaker
/fat-heads-spooky-tooth-imperial-pumpkin-ale/151214/,Tumbler
/deschutes-black-butte-xxviii/432428/,Shaker
/deschutes-black-butte-xxviii/432428/,Snifter
/three-floyds-gumballhead/22764/,Shaker
/three-floyds-gumballhead/22764/,Weizen
/sierra-nevada-coffee-stout/292419/,English pint
/sierra-nevada-coffee-stout/292419/,Shaker
/sierra-nevada-coffee-stout/292419/,Snifter
/founders-porter/3173/,English pint
/founders-porter/3173/,Shaker
/lawsons-finest-double-sunshine-ipa/134550/,Shaker
/lawsons-finest-double-sunshine-ipa/134550/,Snifter
/jolly-pumpkin-la-parcela-no-1-pumpkin-ale/94686/,Lager glass
/jolly-pumpkin-la-parcela-no-1-pumpkin-ale/94686/,Shaker
/jolly-pumpkin-la-parcela-no-1-pumpkin-ale/94686/,Tumbler
/cellarmaker-tiny-dankster/265878/,Lager glass
/cellarmaker-tiny-dankster/265878/,Shaker
/cellarmaker-tiny-dankster/265878/,Tulip
/tuckerman-altitude/164723/,K\\xc3\\xb6lsch/Altbier
/cycle-barrel-aged-hazelnut-imperial-stout/376070/,Snifter
/weihenstephaner-hefeweissbier-dunkel/4583/,Stein
/weihenstephaner-hefeweissbier-dunkel/4583/,Weizen
/straight-to-ale-he-aint-heffe/174657/,Weizen
/funky-buddha-wide-awake-its-morning/148014/,Shaker
/funky-buddha-wide-awake-its-morning/148014/,Snifter
/driftwood-entangled-hopfenweisse/297853/,Weizen
/toppling-goliath-king-sue/252251/,Shaker
/toppling-goliath-king-sue/252251/,Snifter
/founders-sumatra-mountain-brown/135773/,Snifter
/founders-sumatra-mountain-brown/135773/,Tulip
/grassroots-legitimacy/214350/,Shaker
/grassroots-legitimacy/214350/,Tulip
/uinta-fest-helles/432004/,Lager glass
/hill-farmstead-susan/191994/,Shaker
/hill-farmstead-susan/191994/,Tulip
/sierra-nevada--mahrs-brau-oktoberfest-2016/439036/,Dimpled mug
/sierra-nevada--mahrs-brau-oktoberfest-2016/439036/,Stein
/hoppin-frog-barrel-aged-boris-the-crusher/99410/,Snifter
/alchemist-heady-topper/32329/,Shaker
/alchemist-heady-topper/32329/,Snifter
/de-dolle-oerbier-special-reserva/28132/,Snifter
/de-dolle-oerbier-special-reserva/28132/,Tulip
/de-dolle-oerbier-special-reserva/28132/,Tumbler
/westbrook-mexican-cake-imperial-stout--double-barrel/288520/,Snifter
/avery-rumpkin/131832/,Lager glass
/avery-rumpkin/131832/,Shaker
/avery-rumpkin/131832/,Tumbler
/the-bruery-humulus-rye/399388/,Dimpled mug
/the-bruery-humulus-rye/399388/,Footed Pilsner
/the-bruery-humulus-rye/399388/,Lager glass
/the-bruery-humulus-rye/399388/,Stein
/allagash-little-brett/385843/,Trappist glass
/allagash-little-brett/385843/,Tulip
/allagash-little-brett/385843/,Tumbler
/dark-star-hophead/16389/,English pint
/dark-star-hophead/16389/,Shaker
/superstition-peanut-butter-jelly-crime/402282/,Snifter
/superstition-peanut-butter-jelly-crime/402282/,Stem glass
/oskar-blues-dales-pale-ale/11576/,Lager glass
/oskar-blues-dales-pale-ale/11576/,Shaker
/oskar-blues-dales-pale-ale/11576/,Tulip
/marz-jungle-boogie/303531/,Shaker
/marz-jungle-boogie/303531/,Weizen
/great-notion-juice-jr-session-ipa/396435/,English pint
/great-notion-juice-jr-session-ipa/396435/,Shaker
/great-notion-juice-jr-session-ipa/396435/,Stem glass
/great-notion-juice-jr-session-ipa/396435/,Tumbler
/fremont-field-to-ferment--mosaic/453464/,Lager glass
/fremont-field-to-ferment--mosaic/453464/,Shaker
/fremont-field-to-ferment--mosaic/453464/,Tulip
/superstition-aphrodisia-pyment--cabernet-syrah/260182/,Snifter
/superstition-aphrodisia-pyment--cabernet-syrah/260182/,Stem glass
/trillium-scaled-up/382827/,Shaker
/trillium-scaled-up/382827/,Snifter
/j-wakefield-orange-dreamsicle-berliner/418018/,Bowl
/oakham-inferno-bottle/265635/,English pint
/oakham-inferno-bottle/265635/,Shaker
/lord-hobo-hobo-life/401865/,English pint
/lord-hobo-hobo-life/401865/,Shaker
/lord-hobo-hobo-life/401865/,Stem glass
/lord-hobo-hobo-life/401865/,Tumbler
/founders-backstage-series-1-blushing-monk/148616/,Flute
/founders-backstage-series-1-blushing-monk/148616/,Shaker
/the-bruery-poterie/172506/,English pint
/the-bruery-poterie/172506/,Snifter
/trillium-summer-street-ipa--double-dry-hopped/339405/,Shaker
/trillium-summer-street-ipa--double-dry-hopped/339405/,Tulip
/fullers-vintage-ale-2013/223320/,English pint
/fullers-vintage-ale-2013/223320/,Snifter
/evil-twin-imperial-doughnut-break/202247/,Shaker
/evil-twin-imperial-doughnut-break/202247/,Snifter
/alesmith-old-numbskull--bourbon-barrel-aged/42090/,Snifter
/lost-abbey-isabelle-proximus/86542/,Flute
/lost-abbey-isabelle-proximus/86542/,Stem glass
/lost-abbey-isabelle-proximus/86542/,Tulip
/lost-abbey-isabelle-proximus/86542/,Tumbler
/westmalle-tripel/2204/,Trappist glass
/westmalle-tripel/2204/,Tulip
/heretic-chocolate-hazelnut-porter-chp/235853/,English pint
/heretic-chocolate-hazelnut-porter-chp/235853/,Shaker
/dunham-lapatt-porter-robuste/165504/,English pint
/dunham-lapatt-porter-robuste/165504/,Shaker
/north-coast-old-rasputin-russian-imperial-stout/680/,Snifter
/trillium-melcher-street-ipa/275885/,Shaker
/trillium-melcher-street-ipa/275885/,Tulip
/abbaye-des-rocs-grand-cru/7684/,Trappist glass
/abbaye-des-rocs-grand-cru/7684/,Tulip
/abbaye-des-rocs-grand-cru/7684/,Tumbler
/lost-abbey-the-angels-share--bourbon-barrel/72798/,Snifter
/schramms-cranberry/335757/,Snifter
/schramms-cranberry/335757/,Stem glass
/cigar-city-hunahpus-imperial-stout--double-barrel-aged/249005/,Snifter
/evil-twin-femme-fatale-yuzu-pale/228840/,Shaker
/evil-twin-femme-fatale-yuzu-pale/228840/,Tulip
/weihenstephaner-hefeweissbier/1156/,Weizen
/schramms-madeline/335761/,Snifter
/schramms-madeline/335761/,Stem glass
/trillium-pier/289791/,Shaker
/trillium-pier/289791/,Weizen
/trillium-scaled/377675/,Shaker
/trillium-scaled/377675/,Tulip
/jolly-pumpkin-calabaza-blanca/36706/,Tumbler
/jolly-pumpkin-calabaza-blanca/36706/,Weizen
/burial-skillet-donut-stout/214981/,English pint
/burial-skillet-donut-stout/214981/,Shaker
/burial-skillet-donut-stout/214981/,Snifter
/rodenbach-caractere-rouge/158126/,Snifter
/rodenbach-caractere-rouge/158126/,Tulip
/rodenbach-caractere-rouge/158126/,Tumbler
/schramms-red-agnes/407785/,Snifter
/schramms-red-agnes/407785/,Stem glass
/de-dolle-stille-nacht/6862/,Trappist glass
/de-dolle-stille-nacht/6862/,Tulip
/de-dolle-stille-nacht/6862/,Tumbler
/schramms-the-heart-of-darkness/231441/,Snifter
/schramms-the-heart-of-darkness/231441/,Stem glass
/cloudwater-spring-summer-2016--ipl-centennial/436189/,Lager glass
/evil-twin-imperial-biscotti-break--bourbon-barrel/236752/,Snifter
/firestone-walker-pivo-hoppy-pils/152845/,Flute
/firestone-walker-pivo-hoppy-pils/152845/,Footed Pilsner
/anchor-california-lager/166433/,Dimpled mug
/anchor-california-lager/166433/,Lager glass
/anchor-california-lager/166433/,Shaker
/schneider-weisse-tap-5-meine-hopfen-weisse/75466/,Dimpled mug
/schneider-weisse-tap-5-meine-hopfen-weisse/75466/,Stein
/schneider-weisse-tap-5-meine-hopfen-weisse/75466/,Weizen
/beachwood-amalgamator/198910/,Shaker
/beachwood-amalgamator/198910/,Tulip
/fremont-field-to-ferment--simcoe/449327/,Lager glass
/fremont-field-to-ferment--simcoe/449327/,Shaker
/fremont-field-to-ferment--simcoe/449327/,Tulip
/pipeworks-emerald-grouper/428893/,Shaker
/pipeworks-emerald-grouper/428893/,Snifter
/brodies-piccadilly-pale-ale/365971/,English pint
/brodies-piccadilly-pale-ale/365971/,Shaker
/flying-dog-heat-series-ancho-lime-paradise-lager/420612/,Dimpled mug
/flying-dog-heat-series-ancho-lime-paradise-lager/420612/,Lager glass
/flying-dog-heat-series-ancho-lime-paradise-lager/420612/,Shaker
/high-water-campfire-stout/170480/,English pint
/high-water-campfire-stout/170480/,Shaker
/high-water-campfire-stout/170480/,Snifter
/modern-times-fruitlands--passion-fruit-guava/374545/,Dimpled mug
/modern-times-fruitlands--passion-fruit-guava/374545/,English pint
/modern-times-fruitlands--passion-fruit-guava/374545/,Stein
/siren--magic-rock--beavertown-rule-of-thirds/300938/,Shaker
/siren--magic-rock--beavertown-rule-of-thirds/300938/,Tulip
/hill-farmstead--jackie-os--crooked-stave--side-project-elaborative-4/367625/,Shaker
/sante-adairius-fruit-punch-1/314588/,Tulip
/achel-blond-extra/135870/,Trappist glass
/achel-blond-extra/135870/,Tulip
/st-feuillien-triple/2406/,Trappist glass
/st-feuillien-triple/2406/,Tulip
/arbor--mezzo-passo-basta-rosse/340856/,English pint
/arbor--mezzo-passo-basta-rosse/340856/,Shaker
/redemption-trinity/141297/,English pint
/redemption-trinity/141297/,Shaker
/marble-manchester-bitter/16197/,English pint
/russian-river-pliny-the-elder/8936/,Shaker
/russian-river-pliny-the-elder/8936/,Snifter
/trillium-itty-bitty-goose/275435/,Lager glass
/trillium-itty-bitty-goose/275435/,Shaker
/trillium-itty-bitty-goose/275435/,Tulip
/samuel-smiths-oatmeal-stout/87/,English pint
/samuel-smiths-oatmeal-stout/87/,Shaker
/peak-organic-super-fresh/357191/,Dimpled mug
/peak-organic-super-fresh/357191/,Footed Pilsner
/peak-organic-super-fresh/357191/,Lager glass
/peak-organic-super-fresh/357191/,Stein
/redwell-india-pale-lager/289521/,Lager glass
/evil-twin-even-more-jesus/169724/,Snifter
/moor-unionhop/404648/,English pint
/moor-unionhop/404648/,Shaker
/firestone-walker-easy-jack/254845/,English pint
/firestone-walker-easy-jack/254845/,Shaker
/firestone-walker-easy-jack/254845/,Stem glass
/firestone-walker-easy-jack/254845/,Tumbler
/town-hall-masala-mama-ipa/14052/,Shaker
/town-hall-masala-mama-ipa/14052/,Tulip
/wiseacre-tiny-bomb-american-pilsner/227864/,Flute
/wiseacre-tiny-bomb-american-pilsner/227864/,Footed Pilsner
/point-whole-hog-pumpkin-ale/109480/,Lager glass
/point-whole-hog-pumpkin-ale/109480/,Shaker
/point-whole-hog-pumpkin-ale/109480/,Tumbler
/elysian-punkuccino-coffee-pumpkin-ale/232495/,Lager glass
/elysian-punkuccino-coffee-pumpkin-ale/232495/,Shaker
/elysian-punkuccino-coffee-pumpkin-ale/232495/,Tumbler
/fair-state-festbier/293719/,Dimpled mug
/fair-state-festbier/293719/,Stein
/bells-kalamazoo-stout/3209/,English pint
/bells-kalamazoo-stout/3209/,Shaker
/bells-kalamazoo-stout/3209/,Snifter
/2nd-shift-technical-ecstasy/341649/,Dimpled mug
/2nd-shift-technical-ecstasy/341649/,Flute
/2nd-shift-technical-ecstasy/341649/,Footed Pilsner
/schramms-nutmeg/279607/,Snifter
/schramms-nutmeg/279607/,Stem glass
/lost-abbey-framboise-de-amorosa/118146/,Snifter
/lost-abbey-framboise-de-amorosa/118146/,Tulip
/lost-abbey-framboise-de-amorosa/118146/,Tumbler
/weldwerks-juicy-bits/405202/,Shaker
/weldwerks-juicy-bits/405202/,Tulip
/surly-bender/55126/,Dimpled mug
/surly-bender/55126/,Shaker
/surly-hell/91358/,Lager glass
/capital-autumnal-fire/864/,Dimpled mug
/capital-autumnal-fire/864/,Stein
/capital-autumnal-fire/864/,Stem glass
/lagunitas-born-again-yesterday/425060/,Lager glass
/lagunitas-born-again-yesterday/425060/,Shaker
/lagunitas-born-again-yesterday/425060/,Tulip
/roak-devil-dog-oatmeal-stout/340191/,English pint
/roak-devil-dog-oatmeal-stout/340191/,Shaker
/roak-devil-dog-oatmeal-stout/340191/,Snifter
/stillwater-gose-gone-wild/266266/,Dimpled mug
/stillwater-gose-gone-wild/266266/,English pint
/stillwater-gose-gone-wild/266266/,Stein
/three-floyds-permanent-funeral/207415/,Shaker
/three-floyds-permanent-funeral/207415/,Snifter
/westvleteren-12-xii/4934/,Trappist glass
/cigar-city-invasion-pale-ale/195576/,Lager glass
/cigar-city-invasion-pale-ale/195576/,Shaker
/cigar-city-invasion-pale-ale/195576/,Tulip
/driftwood-raised-by-wolves-ipa/353995/,Shaker
/driftwood-raised-by-wolves-ipa/353995/,Tulip
/jacks-abby-excess-ipl/329280/,Dimpled mug
/jacks-abby-excess-ipl/329280/,Footed Pilsner
/jacks-abby-excess-ipl/329280/,Lager glass
/jacks-abby-excess-ipl/329280/,Stein
/beyond-the-pale-pink-fuzz/193496/,Shaker
/beyond-the-pale-pink-fuzz/193496/,Weizen
/four-winds-passionfruit-berliner-weisse/337193/,Bowl
/lagunitas-tuberfest/444171/,Dimpled mug
/lagunitas-tuberfest/444171/,Stein
/alaskan-heritage-coffee-brown-ale/75347/,Dimpled mug
/alaskan-heritage-coffee-brown-ale/75347/,Shaker
/vox-populi-anna/422735/,Trappist glass
/vox-populi-anna/422735/,Tulip
/schlafly-tasmanian-ipa-tipa/187510/,Shaker
/schlafly-tasmanian-ipa-tipa/187510/,Tulip
/arrogant-double-bastard-ale-in-the-rye/371904/,Snifter
/arrogant-double-bastard-ale-in-the-rye/371904/,Tulip
/hill-farmstead-abner/122097/,Shaker
/hill-farmstead-abner/122097/,Snifter
/la-cumbre-full-nelson/197191/,Shaker
/la-cumbre-full-nelson/197191/,Snifter
/the-kernel-dry-stout-citra/373056/,English pint
/the-kernel-dry-stout-citra/373056/,Shaker
/the-kernel-dry-stout-chinook/398787/,English pint
/the-kernel-dry-stout-chinook/398787/,Shaker
/schlafly-double-bean-blonde/397158/,English pint
/schlafly-double-bean-blonde/397158/,Shaker
/la-cumbre-elevated-ipa/133713/,Shaker
/la-cumbre-elevated-ipa/133713/,Tulip
/the-kernel-pale-ale-cascade-mosaic-nelson-sauvin/397981/,Lager glass
/the-kernel-pale-ale-cascade-mosaic-nelson-sauvin/397981/,Shaker
/the-kernel-pale-ale-cascade-mosaic-nelson-sauvin/397981/,Tulip
/the-kernel-pale-ale-cascade/126192/,Lager glass
/the-kernel-pale-ale-cascade/126192/,Shaker
/the-kernel-pale-ale-cascade/126192/,Tulip
/aecht-schlenkerla-helles-lagerbier/16402/,Lager glass
/fat-heads-hop-stalker-fresh-hop-ipa/293365/,Shaker
/fat-heads-hop-stalker-fresh-hop-ipa/293365/,Tulip
/fat-heads-ibusive-ipa/201827/,Shaker
/fat-heads-ibusive-ipa/201827/,Tulip
/wasatch-snap-down-india-pale-lager/261983/,Dimpled mug
/wasatch-snap-down-india-pale-lager/261983/,Lager glass
/wasatch-snap-down-india-pale-lager/261983/,Shaker
/stoneface-porter/308906/,English pint
/stoneface-porter/308906/,Shaker
/side-project-saison-du-fermier-from-pinot-noir-puncheons/433664/,Tulip
/great-divide-yeti-imperial-stout/25082/,Snifter
/evil-twin-wet-dream/182660/,Dimpled mug
/evil-twin-wet-dream/182660/,Shaker
/side-project-pulling-nails-blend-3/340338/,Snifter
/side-project-pulling-nails-blend-3/340338/,Tulip
/side-project-pulling-nails-blend-3/340338/,Tumbler
/superstition-marion-mead--still/211340/,Snifter
/superstition-marion-mead--still/211340/,Stem glass
/bad-comfortably-numb/292344/,English pint
/bad-comfortably-numb/292344/,Shaker
/the-kernel-pale-ale-citra-chinook-amarillo/315149/,Lager glass
/the-kernel-pale-ale-citra-chinook-amarillo/315149/,Shaker
/the-kernel-pale-ale-citra-chinook-amarillo/315149/,Tulip
/the-kernel-export-stout-london-1890/126190/,English pint
/the-kernel-export-stout-london-1890/126190/,Snifter
/the-kernel-export-stout-london-1890/126190/,Tulip
/otter-creek-25th-anniversary-double-ipl/442822/,Dimpled mug
/otter-creek-25th-anniversary-double-ipl/442822/,Footed Pilsner
/otter-creek-25th-anniversary-double-ipl/442822/,Lager glass
/otter-creek-25th-anniversary-double-ipl/442822/,Stein
/mcfate-candy-bar-milk-stout/212809/,English pint
/mcfate-candy-bar-milk-stout/212809/,Shaker
/societe-the-pupil/175224/,Shaker
/societe-the-pupil/175224/,Tulip
/tired-hands-oktuberfest/186253/,Dimpled mug
/tired-hands-oktuberfest/186253/,Stein
/bear-republic-racer-x/12633/,Shaker
/bear-republic-racer-x/12633/,Snifter
/wicked-weed-barrel-aged-xibalba/449596/,Lager glass
/wicked-weed-barrel-aged-xibalba/449596/,Shaker
/wicked-weed-barrel-aged-xibalba/449596/,Tumbler
/surly-darkness/65289/,Snifter
/knoblach-schammelsdorfer-bockbier/60019/,Dimpled mug
/knoblach-schammelsdorfer-bockbier/60019/,Stein
/achel-extra-bruin-de-3-wijzen/18983/,Trappist glass
/wicked-weed-xibalba/361578/,Lager glass
/wicked-weed-xibalba/361578/,Shaker
/wicked-weed-xibalba/361578/,Tumbler
/trillium-cutting-tiles--mosaic/436810/,Shaker
/trillium-cutting-tiles--mosaic/436810/,Snifter
/trillium-mettle/256288/,Shaker
/trillium-mettle/256288/,Snifter
/camba-bavaria-nelson-sauvin-weissbier/172501/,Weizen
/dogfish-head-my-antonia/116033/,Dimpled mug
/dogfish-head-my-antonia/116033/,Footed Pilsner
/dogfish-head-my-antonia/116033/,Lager glass
/dogfish-head-my-antonia/116033/,Stein
/ommegang-game-of-thrones-6--seven-kingdoms/406295/,Trappist glass
/ommegang-game-of-thrones-6--seven-kingdoms/406295/,Tulip
/ommegang-game-of-thrones-6--seven-kingdoms/406295/,Tumbler
/le-castor-brett-bitter/363424/,English pint
/de-garde-nectarine-premiere/334419/,Snifter
/de-garde-nectarine-premiere/334419/,Tulip
/de-garde-nectarine-premiere/334419/,Tumbler
/black-market-aftermath/209725/,Lager glass
/black-market-aftermath/209725/,Shaker
/black-market-aftermath/209725/,Tulip
/buxton-imperial-black/161898/,Shaker
/buxton-imperial-black/161898/,Tulip
/alesmith-reforged/361665/,Snifter
/alesmith-reforged/361665/,Tulip
/gulpener-biologisch-ur-hop/264634/,Dimpled mug
/gulpener-biologisch-ur-hop/264634/,Lager glass
/gulpener-biologisch-ur-hop/264634/,Stein
/maine-beer-a-tiny-beautiful-something/251024/,Lager glass
/maine-beer-a-tiny-beautiful-something/251024/,Shaker
/maine-beer-a-tiny-beautiful-something/251024/,Tulip
/prost-weissbier/180502/,Weizen
/the-kernel-pale-ale-citra/139682/,Lager glass
/the-kernel-pale-ale-citra/139682/,Shaker
/the-kernel-pale-ale-citra/139682/,Tulip
/cloudwater-vermont-esb/397404/,English pint
/weihenstephaner-kristallweissbier/4584/,Weizen
/les-trois-mousquetaires-ss-hopfenweisse/176555/,Shaker
/les-trois-mousquetaires-ss-hopfenweisse/176555/,Weizen
/jester-king-repose/317511/,Stem glass
/jester-king-repose/317511/,Tulip
/avery-lilikoi-kepolo/125959/,Flute
/avery-lilikoi-kepolo/125959/,Shaker
/firestone-walker-18-xviii-eighteenth-anniversary-ale/298767/,Snifter
/firestone-walker-18-xviii-eighteenth-anniversary-ale/298767/,Tulip
/maisel-friends-marcs-chocolate-bock/185853/,Dimpled mug
/maisel-friends-marcs-chocolate-bock/185853/,Snifter
/brodies-shoreditch-sunshine/156553/,English pint
/brodies-shoreditch-sunshine/156553/,Shaker
/firestone-walker-17-xvii-seventeenth-anniversary-ale/236504/,Snifter
/firestone-walker-17-xvii-seventeenth-anniversary-ale/236504/,Tulip
/hardknott-infra-red/129597/,English pint
/hardknott-infra-red/129597/,Shaker
/tree-house-alter-ego/339814/,Shaker
/tree-house-alter-ego/339814/,Tulip
/schneider-weisse-weizen-hell/9072/,Weizen
/tree-house-sap-december-2015--/385871/,Shaker
/tree-house-sap-december-2015--/385871/,Tulip
/founders-harvest-ale/40277/,Shaker
/founders-harvest-ale/40277/,Tulip
/victory-kirsch-gose/314785/,Flute
/victory-kirsch-gose/314785/,Shaker
/kulmbacher-eisbock/14367/,Dimpled mug
/kulmbacher-eisbock/14367/,Snifter
/kulmbacher-eisbock/14367/,Stein
/schneider-weisse-tap-x-mein-cuvee-barrique/180392/,Dimpled mug
/schneider-weisse-tap-x-mein-cuvee-barrique/180392/,Stein
/schneider-weisse-tap-x-mein-cuvee-barrique/180392/,Weizen
/alesmith-anvil-esb/2500/,English pint
/arrogant-double-bastard-ale/11243/,Snifter
/arrogant-double-bastard-ale/11243/,Tulip
/firestone-walker-16-xvi-sixteenth-anniversary-ale/187890/,Snifter
/firestone-walker-16-xvi-sixteenth-anniversary-ale/187890/,Tulip
/firestone-walker-15-xv/157928/,Snifter
/firestone-walker-15-xv/157928/,Tulip
/firestone-walker-14/133383/,Snifter
/firestone-walker-14/133383/,Tulip
/rogue-dead-guy-ale/589/,Dimpled mug
/rogue-dead-guy-ale/589/,Stein
/siren--cigar-city-caribbean-chocolate-cake/260237/,English pint
/siren--cigar-city-caribbean-chocolate-cake/260237/,Snifter
/siren--cigar-city-caribbean-chocolate-cake/260237/,Tulip
/cascade-vlad-the-imp-aler/96273/,Snifter
/cascade-vlad-the-imp-aler/96273/,Tulip
/cascade-vlad-the-imp-aler/96273/,Tumbler
/ballast-point-dead-ringer-oktoberfest/278843/,Dimpled mug
/ballast-point-dead-ringer-oktoberfest/278843/,Stein
/tree-house-eureka--citra/243924/,English pint
/tree-house-eureka--citra/243924/,Shaker
/the-veil-master-master-shredder-shredder/428324/,Shaker
/the-veil-master-master-shredder-shredder/428324/,Tulip
/charlevoix-dominus-vobiscum-double/59975/,Trappist glass
/charlevoix-dominus-vobiscum-double/59975/,Tulip
/dieu-du-ciel-solstice-dete-aux-framboises/8116/,Bowl
/charlevoix-dominus-vobiscum-triple/26564/,Trappist glass
/charlevoix-dominus-vobiscum-triple/26564/,Tulip
/cigar-city-good-gourd-imperial-pumpkin-ale/97049/,Lager glass
/cigar-city-good-gourd-imperial-pumpkin-ale/97049/,Shaker
/cigar-city-good-gourd-imperial-pumpkin-ale/97049/,Tumbler
/cigar-city-white-oak-jai-alai-india-pale-ale/123699/,Shaker
/cigar-city-white-oak-jai-alai-india-pale-ale/123699/,Tulip
/cigar-city-jai-alai-india-pale-ale/95103/,Shaker
/cigar-city-jai-alai-india-pale-ale/95103/,Tulip
/new-belgium-1554-enlightened-black-lager/1266/,Dimpled mug
/new-belgium-1554-enlightened-black-lager/1266/,Lager glass
/new-belgium-1554-enlightened-black-lager/1266/,Stein
/cigar-city-guayabera-citra-pale-ale/293597/,Lager glass
/cigar-city-guayabera-citra-pale-ale/293597/,Shaker
/cigar-city-guayabera-citra-pale-ale/293597/,Tulip
/ballast-point-grunion-pale-ale/223253/,Lager glass
/ballast-point-grunion-pale-ale/223253/,Shaker
/ballast-point-grunion-pale-ale/223253/,Tulip
/ganstaller-brau-zwickelpils/65398/,Dimpled mug
/ganstaller-brau-zwickelpils/65398/,Lager glass
/ganstaller-brau-zwickelpils/65398/,Stein
/magic-rock-clown-juice/177669/,Tumbler
/magic-rock-clown-juice/177669/,Weizen
/stillwater-gose-gone-wild--phuket/430324/,Dimpled mug
/stillwater-gose-gone-wild--phuket/430324/,English pint
/stillwater-gose-gone-wild--phuket/430324/,Stein
/magic-rock-rapture/145148/,English pint
/magic-rock-rapture/145148/,Shaker
/les-trois-mousquetaires-ss-ipa/425456/,Shaker
/les-trois-mousquetaires-ss-ipa/425456/,Tulip
/the-ale-apothecary-sahati/182982/,Dimpled mug
/the-ale-apothecary-sahati/182982/,English pint
/the-ale-apothecary-sahati/182982/,Stein
/alpine-beer-company-hoppy-birthday/123454/,English pint
/alpine-beer-company-hoppy-birthday/123454/,Shaker
/alpine-beer-company-hoppy-birthday/123454/,Stem glass
/alpine-beer-company-hoppy-birthday/123454/,Tumbler
/knee-deep-simtra-triple-ipa/166154/,Shaker
/knee-deep-simtra-triple-ipa/166154/,Snifter
/noble-ale-works-citra-showers/244242/,Shaker
/noble-ale-works-citra-showers/244242/,Snifter
/ale-asylum-bedlam/121563/,Shaker
/ale-asylum-bedlam/121563/,Tulip
/anchorage-mosaic-saison/328505/,Tulip
/goose-island-bourbon-county-stout--rare-2015/374889/,Snifter
/alesmith-evil-dead-red/2496/,English pint
/alesmith-evil-dead-red/2496/,Shaker
/four-winds-juxtapose-wild-ipa/254839/,Shaker
/four-winds-juxtapose-wild-ipa/254839/,Tulip
/lawsons-finest-sip-of-sunshine-ipa/258973/,Shaker
/lawsons-finest-sip-of-sunshine-ipa/258973/,Snifter
/ballast-point-grapefruit-sculpin/213365/,Shaker
/ballast-point-grapefruit-sculpin/213365/,Tulip
/stone-ruinten-triple-ipa/171722/,Shaker
/stone-ruinten-triple-ipa/171722/,Snifter
/hill-farmstead-earl/127227/,English pint
/hill-farmstead-earl/127227/,Shaker
/hill-farmstead-earl/127227/,Snifter
/pipeworks-blood-of-the-unicorn-2015-/351068/,English pint
/pipeworks-blood-of-the-unicorn-2015-/351068/,Shaker
/huss-koffee-kolsch/347658/,K\\xc3\\xb6lsch/Altbier
/bells-quinannan-falls-special-lager/111363/,Lager glass
/hoppin-frog-tower-tuesday-infusion-a--coffee-porter/261765/,English pint
/hoppin-frog-tower-tuesday-infusion-a--coffee-porter/261765/,Shaker
/the-kernel-pale-ale-citra-centennial/162431/,Lager glass
/the-kernel-pale-ale-citra-centennial/162431/,Shaker
/the-kernel-pale-ale-citra-centennial/162431/,Tulip
/modern-times-blazing-world/218227/,English pint
/modern-times-blazing-world/218227/,Shaker
/chimay-bleue-blue--grande-reserve/53/,Trappist glass
/chimay-bleue-blue--grande-reserve/53/,Tulip
/chimay-bleue-blue--grande-reserve/53/,Tumbler
/stone-smoked-porter/421/,English pint
/stone-smoked-porter/421/,Shaker
/4-hands--wicked-weed-super-flare-ipa/286828/,Shaker
/4-hands--wicked-weed-super-flare-ipa/286828/,Tulip
/stone-enjoy-by-ipa/183117/,Shaker
/stone-enjoy-by-ipa/183117/,Snifter
/samuel-smiths-taddy-porter/94/,English pint
/samuel-smiths-taddy-porter/94/,Shaker
/alesmith-ipa/14396/,Shaker
/alesmith-ipa/14396/,Tulip
/bear-republic-hop-rod-rye-ale/8048/,Shaker
/bear-republic-hop-rod-rye-ale/8048/,Snifter
/great-lakes-brewery-karma-citra/140085/,Shaker
/great-lakes-brewery-karma-citra/140085/,Tulip
/westmalle-dubbel/2205/,Trappist glass
/westmalle-dubbel/2205/,Tulip
/cellarmaker-neon-nights/393887/,Lager glass
/cellarmaker-neon-nights/393887/,Shaker
/cellarmaker-neon-nights/393887/,Tulip
/indeed-day-tripper-pale-ale/178169/,Lager glass
/indeed-day-tripper-pale-ale/178169/,Shaker
/indeed-day-tripper-pale-ale/178169/,Tulip
/dieu-du-ciel-peche-mortel/11461/,Snifter
/trillium-sleeper-street-ipa--double-dry-hopped/314822/,Shaker
/trillium-sleeper-street-ipa--double-dry-hopped/314822/,Tulip
/uerige-doppel-sticke/46158/,K\\xc3\\xb6lsch/Altbier
/angry-chair-german-chocolate-cupcake-stout/253661/,English pint
/angry-chair-german-chocolate-cupcake-stout/253661/,Shaker
/port-brewing-older-viscosity/66624/,Snifter
/port-brewing-older-viscosity/66624/,Tulip
/finnriver-black-currant-lavender/254615/,Bowl
/finnriver-black-currant-lavender/254615/,Flute
/finnriver-black-currant-lavender/254615/,Lager glass
/hair-of-the-dog-adam/568/,Dimpled mug
/hair-of-the-dog-adam/568/,English pint
/hair-of-the-dog-adam/568/,Stein
/hair-of-the-dog-adam/568/,Yard
/kane-hop-lab-9--citra-pale-ale/353297/,Lager glass
/kane-hop-lab-9--citra-pale-ale/353297/,Shaker
/kane-hop-lab-9--citra-pale-ale/353297/,Tulip
/tree-house-haze/272234/,Shaker
/tree-house-haze/272234/,Snifter
/lambrate-american-magut/232266/,Flute
/lambrate-american-magut/232266/,Footed Pilsner
/blackberry-farm--evil-twin-from-tennessee-with-smoke/422992/,Dimpled mug
/blackberry-farm--evil-twin-from-tennessee-with-smoke/422992/,Lager glass
/blackberry-farm--evil-twin-from-tennessee-with-smoke/422992/,Stein
/oakham-scarlet-macaw/146284/,English pint
/oakham-scarlet-macaw/146284/,Shaker
/angry-chair-the-awakening-coffee-milk-stout/307221/,English pint
/angry-chair-the-awakening-coffee-milk-stout/307221/,Shaker
/aecht-schlenkerla-fastenbier/43277/,Dimpled mug
/aecht-schlenkerla-fastenbier/43277/,Lager glass
/aecht-schlenkerla-fastenbier/43277/,Stein
/cloudwater-dipa--v6/441009/,Shaker
/cloudwater-dipa--v6/441009/,Snifter
/stone-20th-anniversary-encore-series-020202-vertical-epic-ale/12115/,Trappist glass
/stone-20th-anniversary-encore-series-020202-vertical-epic-ale/12115/,Tulip
/stone-20th-anniversary-encore-series-020202-vertical-epic-ale/12115/,Tumbler
/fullers-brewers-reserve-no-5-oak-aged-ale/427020/,English pint
/fullers-brewers-reserve-no-5-oak-aged-ale/427020/,Snifter
/revolution-citra-hero-ipa/272545/,Shaker
/revolution-citra-hero-ipa/272545/,Tulip
/bierstadt-slow-pour-pils/446048/,Flute
/bierstadt-slow-pour-pils/446048/,Footed Pilsner
/sierra-nevada--riegele-oktoberfest-2015/343894/,Dimpled mug
/sierra-nevada--riegele-oktoberfest-2015/343894/,Stein
/ballast-point-victory-at-sea/100542/,Shaker
/ballast-point-victory-at-sea/100542/,Snifter
/trillium-little-rooster/220857/,Lager glass
/trillium-little-rooster/220857/,Shaker
/trillium-little-rooster/220857/,Tulip
/andechser-doppelbock-dunkel/1147/,Dimpled mug
/andechser-doppelbock-dunkel/1147/,Stein
/andechser-doppelbock-dunkel/1147/,Stem glass
/tree-house-bright/393374/,Shaker
/tree-house-bright/393374/,Snifter
/jacks-abby-house-lager/309389/,Dimpled mug
/jacks-abby-house-lager/309389/,Lager glass
/jacks-abby-house-lager/309389/,Stein
/les-trois-mousquetaires-ss-sticke-alt/75012/,K\\xc3\\xb6lsch/Altbier
/pipeworks-the-lizard-king/312611/,Lager glass
/pipeworks-the-lizard-king/312611/,Shaker
/pipeworks-the-lizard-king/312611/,Tulip
/pipeworks-ninja-vs-unicorn-double-ipa/165816/,Shaker
/pipeworks-ninja-vs-unicorn-double-ipa/165816/,Snifter
/side-project-bleuet-du-fermier/406973/,Snifter
/side-project-bleuet-du-fermier/406973/,Tulip
/side-project-bleuet-du-fermier/406973/,Tumbler
/cidre-dupont-reserve/28462/,Bowl
/cidre-dupont-reserve/28462/,Flute
/cidre-dupont-reserve/28462/,Lager glass
/sante-adairius-cask-strawberry/259969/,Tulip
/pipeworks-crimson-snapper/311813/,Shaker
/pipeworks-crimson-snapper/311813/,Snifter
/stone-imperial-russian-stout/4315/,Snifter
/port-brewing-old-viscosity/19220/,Snifter
/port-brewing-old-viscosity/19220/,Tulip
/north-coast-old-rasputin-bourbon-barrel/71101/,Snifter
/grand-teton-double-vision-doppelbock/101134/,Dimpled mug
/grand-teton-double-vision-doppelbock/101134/,Stein
/grand-teton-double-vision-doppelbock/101134/,Stem glass
/stiegl-radler-grapefruit/105438/,Shaker
/firestone-walker-union-jack-ipa/76883/,Shaker
/firestone-walker-union-jack-ipa/76883/,Tulip
/melvin-ipa/130123/,Shaker
/melvin-ipa/130123/,Tulip
/tired-hands-communication-is-the-key-lime-pie/236925/,Lager glass
/tired-hands-communication-is-the-key-lime-pie/236925/,Shaker
/tired-hands-communication-is-the-key-lime-pie/236925/,Tulip
/alchemist-focal-banger/100846/,Shaker
/alchemist-focal-banger/100846/,Tulip
/beachwood-melrose-ipa/148604/,Shaker
/beachwood-melrose-ipa/148604/,Tulip
/other-half--bunker-boogie-board-stuntz/336049/,English pint
/other-half--bunker-boogie-board-stuntz/336049/,Shaker
/alesmith-double-ipa/2497/,Shaker
/alesmith-double-ipa/2497/,Snifter
/tired-hands-magotago/205427/,Flute
/tired-hands-magotago/205427/,Shaker
/franziskaner-hefe-weissbier--weissbier-naturtrub/1088/,Weizen
/auval-nordet-ipa/434685/,Shaker
/auval-nordet-ipa/434685/,Tulip
/dieu-du-ciel-lherbe-a-detourne/123975/,Trappist glass
/dieu-du-ciel-lherbe-a-detourne/123975/,Tulip
/hill-farmstead-everett/126305/,English pint
/hill-farmstead-everett/126305/,Shaker
/allagash-curieux/38037/,Trappist glass
/allagash-curieux/38037/,Tulip
/hill-farmstead--kissmeyer--cambridge-nordic-saison/273020/,Tulip
/allagash-ghoulschip/111792/,Lager glass
/allagash-ghoulschip/111792/,Shaker
/allagash-ghoulschip/111792/,Tumbler
/prairie-bomb/215531/,Snifter
/hill-farmstead-table-dorothy/362178/,Tulip
/starcut-ciders-squishy/327163/,Bowl
/starcut-ciders-squishy/327163/,Flute
/starcut-ciders-squishy/327163/,Lager glass
/parallel-49-tricycle-radler--grapefruit/234870/,Shaker
/proclamation-derivative-galaxy-hopped-pale-ale/294484/,Lager glass
/proclamation-derivative-galaxy-hopped-pale-ale/294484/,Shaker
/proclamation-derivative-galaxy-hopped-pale-ale/294484/,Tulip
/perrin-no-rules-vietnamese-porter/351067/,Shaker
/perrin-no-rules-vietnamese-porter/351067/,Snifter
/surly-surlyfest/64349/,Dimpled mug
/surly-surlyfest/64349/,Stein
/sierra-nevada-ovila-dubbel--barrel-aged/181928/,Trappist glass
/sierra-nevada-ovila-dubbel--barrel-aged/181928/,Tulip
/le-castor-yakima-ipa/208825/,Shaker
/le-castor-yakima-ipa/208825/,Tulip
/unibroue-quelque-chose/1924/,Flute
/unibroue-quelque-chose/1924/,Shaker
/alpine-beer-company-duet/54549/,Shaker
/alpine-beer-company-duet/54549/,Tulip
/civil-society-dankstar/407661/,Lager glass
/civil-society-dankstar/407661/,Shaker
/civil-society-dankstar/407661/,Tulip
/deschutes-the-abyss/65832/,Snifter
/alesmith-speedway-stout/14232/,Snifter
/societe-the-coachman/346552/,English pint
/societe-the-coachman/346552/,Shaker
/societe-the-coachman/346552/,Stem glass
/societe-the-coachman/346552/,Tumbler
/dogfish-head-90-minute-imperial-ipa/10569/,Shaker
/dogfish-head-90-minute-imperial-ipa/10569/,Snifter
/russian-river-sanctification/38052/,Snifter
/russian-river-sanctification/38052/,Tulip
/russian-river-sanctification/38052/,Tumbler
/lost-abbey-cuvee-de-tomme/17385/,Snifter
/lost-abbey-cuvee-de-tomme/17385/,Tulip
/lost-abbey-cuvee-de-tomme/17385/,Tumbler
/toppling-goliath-zeelander/153769/,Shaker
/toppling-goliath-zeelander/153769/,Tulip
/toppling-goliath-pompeii-ipa/198739/,Shaker
/toppling-goliath-pompeii-ipa/198739/,Tulip
/hill-farmstead-civil-disobedience-release-17/406999/,Tulip
/tree-house-very-hazy/397723/,Shaker
/tree-house-very-hazy/397723/,Snifter
/other-half-double-mosaic-dream/405387/,Shaker
/other-half-double-mosaic-dream/405387/,Snifter
/new-england-coriolis/183987/,Shaker
/new-england-coriolis/183987/,Snifter
/auval-framboese-2016/433247/,Flute
/auval-framboese-2016/433247/,Shaker
/boneyard-notorious-ipa3/147093/,Shaker
/boneyard-notorious-ipa3/147093/,Snifter
/siren-broken-dream/204307/,English pint
/siren-broken-dream/204307/,Shaker
/siren-broken-dream/204307/,Snifter
/buxton-anglo-belgique/392428/,Trappist glass
/buxton-anglo-belgique/392428/,Tulip
/buxton-anglo-belgique/392428/,Tumbler
/chimay-red--rouge--ale--premiere/51/,Trappist glass
/chimay-red--rouge--ale--premiere/51/,Tulip
/andechser-weissbier-hell/6002/,Weizen
/cycle-four-roses-ba-rye-stout/374043/,Snifter
/pilsner-urquell-nefiltrovany/44956/,Dimpled mug
/pilsner-urquell-nefiltrovany/44956/,Flute
/pilsner-urquell-nefiltrovany/44956/,Footed Pilsner
/tired-hands-guillemot-nebula/191074/,Tulip
/pyraser-hopfenpflucker-pils/55080/,Flute
/pyraser-hopfenpflucker-pils/55080/,Footed Pilsner
/trillium-headroom/355438/,Shaker
/trillium-headroom/355438/,Snifter
/ballast-point-indra-kunindra/150262/,Lager glass
/ballast-point-indra-kunindra/150262/,Shaker
/ballast-point-indra-kunindra/150262/,Tumbler
/jw-lees-manchester-star-ale/14651/,English pint
/jw-lees-manchester-star-ale/14651/,Snifter
/alesmith-speedway-stout--vanilla-coconut/147261/,Snifter
/hill-farmstead-society-solitude-8/433782/,Shaker
/hill-farmstead-society-solitude-8/433782/,Snifter
/tired-hands-hophands/173459/,Lager glass
/tired-hands-hophands/173459/,Shaker
/tired-hands-hophands/173459/,Tulip
/neshaminy-creek-punkless-dunkel-pumpkin-wheat-ale/286492/,Lager glass
/neshaminy-creek-punkless-dunkel-pumpkin-wheat-ale/286492/,Shaker
/neshaminy-creek-punkless-dunkel-pumpkin-wheat-ale/286492/,Tumbler
/ale-asylum-ambergeddon/59933/,English pint
/ale-asylum-ambergeddon/59933/,Shaker
/heineken-h41/414917/,Dimpled mug
/heineken-h41/414917/,Lager glass
/heineken-h41/414917/,Shaker
/beavertown-skull-king/329934/,Shaker
/beavertown-skull-king/329934/,Snifter
/hair-of-the-dog-matt/99157/,Snifter
/hair-of-the-dog-matt/99157/,Tulip
/timothy-taylor-landlord-cask/44523/,English pint
/tired-hands-shambolic/252225/,Tulip
/foley-brothers-prospect/352934/,Shaker
/foley-brothers-prospect/352934/,Snifter
/lawsons-finest-chinookerd-ipa/92737/,Shaker
/lawsons-finest-chinookerd-ipa/92737/,Tulip
/westvleteren-extra-8/4935/,Trappist glass
/westvleteren-extra-8/4935/,Tulip
/westvleteren-extra-8/4935/,Tumbler
/salopian-darwins-origin/94270/,English pint
/brooklyn-lager/528/,Dimpled mug
/brooklyn-lager/528/,Lager glass
/brooklyn-lager/528/,Shaker
/beavertown-black-betty/191161/,Shaker
/beavertown-black-betty/191161/,Tulip
/schneider-weisse-aventinus/2224/,Dimpled mug
/schneider-weisse-aventinus/2224/,Stein
/schneider-weisse-aventinus/2224/,Weizen
/alesmith-speedway-stout--bourbon-barrel-aged/28173/,Snifter
/rittmayer-hallerndorfer-bitter-58/338339/,Flute
/rittmayer-hallerndorfer-bitter-58/338339/,Footed Pilsner
/tilmans-das-helle/284682/,Lager glass
/camerons-rye-pale-ale/167544/,Shaker
/camerons-rye-pale-ale/167544/,Tumbler
/driftwood-fat-tug-ipa/133091/,Shaker
/driftwood-fat-tug-ipa/133091/,Tulip
/kern-river-just-outstanding-ipa/60743/,Shaker
/kern-river-just-outstanding-ipa/60743/,Tulip
/ofallon-imperial-pumpkin/289765/,Lager glass
/ofallon-imperial-pumpkin/289765/,Shaker
/ofallon-imperial-pumpkin/289765/,Tumbler
/stillwater-tenacity-t601712nas601d275-/376381/,Trappist glass
/stillwater-tenacity-t601712nas601d275-/376381/,Tulip
/stillwater-tenacity-t601712nas601d275-/376381/,Tumbler
/tired-hands-helles-other-people/404618/,Lager glass
/the-bruery-melange-14/425053/,Snifter
/the-bruery-melange-14/425053/,Tulip
/elysian-the-great-pumpkin-imperial-pumpkin-ale/41322/,Lager glass
/elysian-the-great-pumpkin-imperial-pumpkin-ale/41322/,Shaker
/elysian-the-great-pumpkin-imperial-pumpkin-ale/41322/,Tumbler
/boulevard-80-acre-hoppy-wheat-beer/181865/,Shaker
/boulevard-80-acre-hoppy-wheat-beer/181865/,Weizen
/beyond-the-pale-aromatherapy--american-ipa/384806/,Shaker
/beyond-the-pale-aromatherapy--american-ipa/384806/,Tulip
/melvin-hubert-mpa/291975/,Lager glass
/melvin-hubert-mpa/291975/,Shaker
/melvin-hubert-mpa/291975/,Tulip
/deschutes-fresh-squeezed-ipa/119596/,Shaker
/deschutes-fresh-squeezed-ipa/119596/,Tulip
/sierra-nevada-vienna-lager/58996/,Dimpled mug
/sierra-nevada-vienna-lager/58996/,Lager glass
/sierra-nevada-vienna-lager/58996/,Shaker
/prairie-coffee-okie/382217/,Snifter
/prairie-coffee-okie/382217/,Tulip
/great-divide-yeti-imperial-stout--oak-aged/37652/,Snifter
/cigar-city-hunahpus-imperial-stout/97078/,Snifter
/stone-20th-anniversary-encore-series-10th-anniversary-ipa/63291/,Shaker
/stone-20th-anniversary-encore-series-10th-anniversary-ipa/63291/,Snifter
/great-divide-hercules-double-ipa/32751/,Shaker
/great-divide-hercules-double-ipa/32751/,Snifter
/tallgrass-zombie-monkie/229763/,English pint
/tallgrass-zombie-monkie/229763/,Shaker
/hill-farmstead-sumner/409339/,Lager glass
/hill-farmstead-sumner/409339/,Shaker
/hill-farmstead-sumner/409339/,Tulip
/the-kernel-india-pale-ale-galaxy/154862/,Shaker
/the-kernel-india-pale-ale-galaxy/154862/,Tulip
/fremont-field-to-ferment--citra/452745/,Lager glass
/fremont-field-to-ferment--citra/452745/,Shaker
/fremont-field-to-ferment--citra/452745/,Tulip
/alpine-beer-company-pure-hoppiness/18829/,Shaker
/alpine-beer-company-pure-hoppiness/18829/,Snifter
/momokawa-g-joy-junmai-ginjo-genshu-sake/54355/,Guinomi
/momokawa-g-joy-junmai-ginjo-genshu-sake/54355/,Masu
/momokawa-g-joy-junmai-ginjo-genshu-sake/54355/,Ochoko
/almanac-saison-de-brettaville/364123/,Tulip
/urban-chestnut-oachkatzlschwoaf/154922/,Dimpled mug
/urban-chestnut-oachkatzlschwoaf/154922/,Stein
/rock-art-humble-harvester/286618/,Dimpled mug
/rock-art-humble-harvester/286618/,English pint
/rock-art-humble-harvester/286618/,Stein
/rock-art-humble-harvester/286618/,Yard
/alaskan-smoked-porter/16/,Dimpled mug
/alaskan-smoked-porter/16/,Lager glass
/alaskan-smoked-porter/16/,Stein
/siren--cigar-city-caribbean-chocolate-cake-barrel-aged/419051/,English pint
/siren--cigar-city-caribbean-chocolate-cake-barrel-aged/419051/,Snifter
/siren--cigar-city-caribbean-chocolate-cake-barrel-aged/419051/,Tulip
/russian-river-defenestration/93471/,Trappist glass
/russian-river-defenestration/93471/,Tulip
/russian-river-defenestration/93471/,Tumbler
/fullers-1845/294/,English pint
/fullers-1845/294/,Snifter
/jacks-abby-copper-legend/182391/,Dimpled mug
/jacks-abby-copper-legend/182391/,Stein
/new-belgium-la-folie/10513/,Snifter
/new-belgium-la-folie/10513/,Tulip
/new-belgium-la-folie/10513/,Tumbler
/prairie-apple-brandy-barrel-noir/311784/,Snifter
/stone-bastards-midnight-brunch/414489/,Snifter
/stone-bastards-midnight-brunch/414489/,Tulip
/40ft-larger/337533/,K\\xc3\\xb6lsch/Altbier
/karbach-krunkin-pumpkin/188324/,Lager glass
/karbach-krunkin-pumpkin/188324/,Shaker
/karbach-krunkin-pumpkin/188324/,Tumbler
/allagash-avance/69525/,Trappist glass
/allagash-avance/69525/,Tulip
/allagash-avance/69525/,Tumbler
/de-dolle-stille-nacht-special-reserva-2005/59477/,Trappist glass
/de-dolle-stille-nacht-special-reserva-2005/59477/,Tulip
/de-dolle-stille-nacht-special-reserva-2005/59477/,Tumbler
/la-rulles-estivale/48719/,Trappist glass
/la-rulles-estivale/48719/,Tulip
/la-rulles-estivale/48719/,Tumbler
/jolly-pumpkin-oro-de-calabaza/36703/,Trappist glass
/jolly-pumpkin-oro-de-calabaza/36703/,Tulip
/jolly-pumpkin-oro-de-calabaza/36703/,Tumbler
/russian-river-toronado-25th-anniversary/181895/,Snifter
/russian-river-toronado-25th-anniversary/181895/,Tulip
/russian-river-toronado-25th-anniversary/181895/,Tumbler
/de-garde-imperial-boysenberry-boysen-bu/245684/,Bowl
/bells-hopslam/35488/,Shaker
/bells-hopslam/35488/,Snifter
/hill-farmstead-damon/142050/,Snifter
/hill-farmstead-self-reliance-1/427873/,Lager glass
/hill-farmstead-self-reliance-1/427873/,Shaker
/hill-farmstead-self-reliance-1/427873/,Tulip
/hill-farmstead-george/156903/,Dimpled mug
/hill-farmstead-george/156903/,Shaker
/hill-farmstead-song-of-joy/356536/,Dimpled mug
/hill-farmstead-song-of-joy/356536/,Footed Pilsner
/hill-farmstead-song-of-joy/356536/,Lager glass
/hill-farmstead-song-of-joy/356536/,Stein
/sierra-nevada-kellerweis-hefeweizen/100383/,Weizen
/columbus-bodhi/110184/,Shaker
/columbus-bodhi/110184/,Snifter
/victory-prima-pils/619/,Flute
/victory-prima-pils/619/,Footed Pilsner
/siren-vermont-tea-party/407686/,English pint
/siren-vermont-tea-party/407686/,Shaker
/hill-farmstead-aaron/284884/,Snifter
/the-livery-bourbon-barrel-aged-wheat-trippelbock/49981/,Dimpled mug
/the-livery-bourbon-barrel-aged-wheat-trippelbock/49981/,Stein
/the-livery-bourbon-barrel-aged-wheat-trippelbock/49981/,Weizen
/andechser-weissbier-dunkel/6003/,Stein
/andechser-weissbier-dunkel/6003/,Weizen
/maine-beer-lunch/145241/,Shaker
/maine-beer-lunch/145241/,Tulip
/unibroue-la-fin-du-monde/1094/,Trappist glass
/unibroue-la-fin-du-monde/1094/,Tulip
/rogue-farms-fresh-roast-ale/214272/,Dimpled mug
/rogue-farms-fresh-roast-ale/214272/,Shaker
/new-glarus-moon-man-no-coast-pale-ale/118767/,Lager glass
/new-glarus-moon-man-no-coast-pale-ale/118767/,Shaker
/new-glarus-moon-man-no-coast-pale-ale/118767/,Tulip
/lagunitas-nighttime-ale/262801/,Shaker
/lagunitas-nighttime-ale/262801/,Tulip
/other-half-mosaic/332700/,Shaker
/other-half-mosaic/332700/,Tulip
/peekskill-amazeballs/185129/,Lager glass
/peekskill-amazeballs/185129/,Shaker
/peekskill-amazeballs/185129/,Tulip
/indeed-dandy-lager/333675/,Dimpled mug
/indeed-dandy-lager/333675/,Lager glass
/indeed-dandy-lager/333675/,Shaker
/sweetwater-hash-brown/356281/,Dimpled mug
/sweetwater-hash-brown/356281/,Shaker
/saugatuck-barrel-aged-neapolitan-milk-stout/253614/,English pint
/saugatuck-barrel-aged-neapolitan-milk-stout/253614/,Shaker
/monkish-haiku-de-saison/368328/,Tulip
/great-notion-double-stack-northwest-breakfast-stout/396436/,English pint
/great-notion-double-stack-northwest-breakfast-stout/396436/,Shaker
/great-notion-double-stack-northwest-breakfast-stout/396436/,Snifter
/bells-special-double-cream-stout/3212/,English pint
/bells-special-double-cream-stout/3212/,Shaker
/bells-special-double-cream-stout/3212/,Snifter
/avery-pumpkyn/287723/,Lager glass
/avery-pumpkyn/287723/,Shaker
/avery-pumpkyn/287723/,Tumbler
/half-acre-akari-shogun/175388/,Shaker
/half-acre-akari-shogun/175388/,Weizen
/cloudwater--burning-sky-old-garde-red-wine-barrel-aged/418382/,Stem glass
/cloudwater--burning-sky-old-garde-red-wine-barrel-aged/418382/,Tulip
/auval-super-a-double-ipa/384097/,Shaker
/auval-super-a-double-ipa/384097/,Snifter
/perrin-black-goat/203015/,Dimpled mug
/perrin-black-goat/203015/,Lager glass
/perrin-black-goat/203015/,Stein
/ommegang-hop-house/242426/,Trappist glass
/ommegang-hop-house/242426/,Tulip
/ommegang-hop-house/242426/,Tumbler
/avery-uncle-jacobs-stout/167223/,Snifter
/ommegang-rosetta/362980/,Flute
/ommegang-rosetta/362980/,Shaker
/de-dolle-dulle-teve-10-mad-bitch/6875/,Trappist glass
/de-dolle-dulle-teve-10-mad-bitch/6875/,Tulip
/squatters-live-let-live-kristallweizen/427599/,Weizen
/founders-kbs-kentucky-breakfast-stout/40544/,Snifter
/trillium-vicinity/311024/,Shaker
/trillium-vicinity/311024/,Snifter
/cascade-noyaux/187304/,Snifter
/cascade-noyaux/187304/,Tulip
/cascade-noyaux/187304/,Tumbler
/almanac-craft-pilsner/426431/,Flute
/almanac-craft-pilsner/426431/,Footed Pilsner
/bissell-brothers-the-substance-ale/250331/,Shaker
/bissell-brothers-the-substance-ale/250331/,Tulip
/central-waters-brewers-reserve-bourbon-barrel-scotch-ale/63097/,Thistle
/baladin-xyauyu-fume-islay-whisky/188066/,Snifter
/epic--dc-brau-fermentation-without-representation/158067/,Lager glass
/epic--dc-brau-fermentation-without-representation/158067/,Shaker
/epic--dc-brau-fermentation-without-representation/158067/,Tumbler
/firestone-walker-stickee-monkee/133381/,Snifter
/firestone-walker-stickee-monkee/133381/,Tulip
/superstition-straw-berry-white/335470/,Snifter
/superstition-straw-berry-white/335470/,Stem glass
/lost-abbey-the-angels-share/64975/,Snifter
/surly-blakkr/252611/,Shaker
/surly-blakkr/252611/,Tulip
/deschutes-big-rig-bitter/101691/,English pint
/peak-organic-the-juice/439492/,Lager glass
/peak-organic-the-juice/439492/,Shaker
/peak-organic-the-juice/439492/,Tulip
/knee-deep-breaking-bud-ipa/308727/,Shaker
/knee-deep-breaking-bud-ipa/308727/,Tulip
/heavy-seas-uncharted-waters-the-greater-pumpkin/114628/,Lager glass
/heavy-seas-uncharted-waters-the-greater-pumpkin/114628/,Shaker
/heavy-seas-uncharted-waters-the-greater-pumpkin/114628/,Tumbler
/fullers-esb-bottle-keg/290/,English pint
/les-trois-mousquetaires-gc-porter-baltique-bourbon-brandy/230352/,English pint
/les-trois-mousquetaires-gc-porter-baltique-bourbon-brandy/230352/,Shaker
/les-trois-mousquetaires-gc-porter-baltique-bourbon-brandy/230352/,Snifter
/southern-tier-rum-barrel-aged-pumking/300262/,Lager glass
/southern-tier-rum-barrel-aged-pumking/300262/,Shaker
/southern-tier-rum-barrel-aged-pumking/300262/,Tumbler
/buxton-jacobs-ladder/221709/,English pint
/buxton-jacobs-ladder/221709/,Shaker
/four-winds-nectarous/254840/,Snifter
/four-winds-nectarous/254840/,Tulip
/four-winds-nectarous/254840/,Tumbler
/jolly-pumpkin-biere-de-mars/47030/,Stem glass
/jolly-pumpkin-biere-de-mars/47030/,Tulip
/boulevard-smokestack-series-saison-brett/61449/,Tulip
/goose-island-bourbon-county-stout/8909/,Snifter
/moor-sohop/164416/,English pint
/moor-sohop/164416/,Shaker
/york-centurions-ghost-ale-cask/45131/,English pint
/bissell-brothers-swish/298864/,Shaker
/bissell-brothers-swish/298864/,Snifter
/ayinger-altbairisch-dunkel/2019/,Dimpled mug
/ayinger-altbairisch-dunkel/2019/,Lager glass
/ayinger-altbairisch-dunkel/2019/,Stein
/auval-c-12-pivo/433244/,Dimpled mug
/auval-c-12-pivo/433244/,Flute
/auval-c-12-pivo/433244/,Footed Pilsner
/anchorage-galaxy-white-ipa/161579/,Shaker
/anchorage-galaxy-white-ipa/161579/,Tulip
/the-bruery--maine-beer-fourthmeal/377250/,Trappist glass
/the-bruery--maine-beer-fourthmeal/377250/,Tulip
/the-bruery--maine-beer-fourthmeal/377250/,Tumbler
/anchor-winter-wheat/295879/,Stein
/anchor-winter-wheat/295879/,Weizen
/evil-twin-bikini-beer/149843/,English pint
/evil-twin-bikini-beer/149843/,Shaker
/capital-oktoberfest/860/,Dimpled mug
/capital-oktoberfest/860/,Stein
/payette-north-fork-lager/183839/,Dimpled mug
/payette-north-fork-lager/183839/,Lager glass
/payette-north-fork-lager/183839/,Shaker
/victory-old-horizontal/624/,Snifter
/superstition-endovelicus/335468/,Snifter
/superstition-endovelicus/335468/,Stem glass
/roslyn-brookside-pale-lager/12307/,Dimpled mug
/roslyn-brookside-pale-lager/12307/,Lager glass
/roslyn-brookside-pale-lager/12307/,Shaker
/uinta-crooked-line-oak-jacked-imperial-pumpkin/146213/,Lager glass
/uinta-crooked-line-oak-jacked-imperial-pumpkin/146213/,Shaker
/uinta-crooked-line-oak-jacked-imperial-pumpkin/146213/,Tumbler
/oskar-blues-ten-fidy/68107/,Snifter
/trillium-congress-street-ipa/232181/,Shaker
/trillium-congress-street-ipa/232181/,Tulip
/weird-beard-dark-hopfler/257261/,English pint
/weird-beard-dark-hopfler/257261/,Shaker
/crooked-stave-table-beer/302799/,Trappist glass
/crooked-stave-table-beer/302799/,Tulip
/crooked-stave-table-beer/302799/,Tumbler
/charlevoix-vache-folle-esb/33047/,English pint
/jks-cuvee-winterruption-farmhouse-hard-cider/113726/,Bowl
/jks-cuvee-winterruption-farmhouse-hard-cider/113726/,Flute
/jks-cuvee-winterruption-farmhouse-hard-cider/113726/,Lager glass
/new-glarus-raspberry-tart/7686/,Flute
/new-glarus-raspberry-tart/7686/,Shaker
/cambridge-morning-dew/283510/,Trappist glass
/cambridge-morning-dew/283510/,Tulip
/cambridge-morning-dew/283510/,Tumbler
/firestone-walker-parabola/60246/,Snifter
/cigar-city-maduro-brown-ale--vanilla/104134/,Dimpled mug
/cigar-city-maduro-brown-ale--vanilla/104134/,Shaker
/lawsons-finest-super-session-ipa-2/274596/,English pint
/lawsons-finest-super-session-ipa-2/274596/,Shaker
/lawsons-finest-super-session-ipa-2/274596/,Stem glass
/lawsons-finest-super-session-ipa-2/274596/,Tumbler
/victory-hopdevil/618/,Shaker
/victory-hopdevil/618/,Tulip
/troegs-hopback-amber-ale/17495/,English pint
/troegs-hopback-amber-ale/17495/,Shaker
/trillium-stillings-street-ipa/444497/,Shaker
/trillium-stillings-street-ipa/444497/,Tulip
/rogue-hazelnut-brown-nectar/585/,Dimpled mug
/rogue-hazelnut-brown-nectar/585/,Shaker
/bear-republic-racer-5-ipa/1608/,Shaker
/bear-republic-racer-5-ipa/1608/,Tulip
/central-waters-headless-heron/291246/,Lager glass
/central-waters-headless-heron/291246/,Shaker
/central-waters-headless-heron/291246/,Tumbler
/dieu-du-ciel-solstice-dhiver-reserve-speciale-oak-aged--bourbon/117462/,Snifter
/night-shift-awake/361859/,English pint
/night-shift-awake/361859/,Shaker
/lagunitas-sonoma-farmhouse-hop-stoopid/69933/,Shaker
/lagunitas-sonoma-farmhouse-hop-stoopid/69933/,Snifter
/mashsee-beverly-pils/417973/,Flute
/mashsee-beverly-pils/417973/,Footed Pilsner
/gulden-draak/3958/,Trappist glass
/gulden-draak/3958/,Tulip
/gulden-draak/3958/,Tumbler
/wicked-weed-medora-blackberry-raspberry-sour/264920/,Snifter
/wicked-weed-medora-blackberry-raspberry-sour/264920/,Tulip
/wicked-weed-medora-blackberry-raspberry-sour/264920/,Tumbler
/sierra-nevada-harvest-wet-hop-ipa--northern-hemisphere/131958/,Shaker
/sierra-nevada-harvest-wet-hop-ipa--northern-hemisphere/131958/,Tulip
/hill-farmstead-everett--bourbon-barrel-aged-2011/135762/,English pint
/hill-farmstead-everett--bourbon-barrel-aged-2011/135762/,Shaker
/dieu-du-ciel-resurrection/8111/,English pint
/dieu-du-ciel-resurrection/8111/,Shaker
/casey-the-cut-balaton-cherry/330654/,Snifter
/casey-the-cut-balaton-cherry/330654/,Tulip
/casey-the-cut-balaton-cherry/330654/,Tumbler
/tired-hands-alien-church/251307/,Shaker
/tired-hands-alien-church/251307/,Tulip
/tree-house-ma/207501/,English pint
/tree-house-ma/207501/,Shaker
/cigar-city-puppys-breath-robust-porter/128242/,English pint
/cigar-city-puppys-breath-robust-porter/128242/,Shaker
/schneider-aventinus-weizen-eisbock/10514/,Dimpled mug
/schneider-aventinus-weizen-eisbock/10514/,Snifter
/schneider-aventinus-weizen-eisbock/10514/,Stein
/zero-gravity-vienna-lager/57018/,Dimpled mug
/zero-gravity-vienna-lager/57018/,Lager glass
/zero-gravity-vienna-lager/57018/,Shaker
/dogfish-head-palo-santo-marron/66797/,Snifter
/dogfish-head-palo-santo-marron/66797/,Tulip
/dogfish-head-75-minute-ipa-cask-bottle/101034/,Shaker
/dogfish-head-75-minute-ipa-cask-bottle/101034/,Tulip
/dogfish-head-60-minute-ipa/7431/,Shaker
/dogfish-head-60-minute-ipa/7431/,Tulip
/stone-stochasticity-project-grainiac/374677/,Shaker
/stone-stochasticity-project-grainiac/374677/,Tumbler
/narragansett-dels-shandy/265556/,Shaker
/alchemist-broken-spoke-2016-/454158/,Lager glass
/alchemist-broken-spoke-2016-/454158/,Shaker
/alchemist-broken-spoke-2016-/454158/,Tulip
/central-waters-ardea-insignis-imperial-stout/419849/,Snifter
/dogfish-head-namaste-white/106337/,Tumbler
/dogfish-head-namaste-white/106337/,Weizen
/hill-farmstead--blaugies-le-sarrasin/257839/,Tulip
/lagunitas-a-little-sumpin-sumpin-ale/103006/,Shaker
/lagunitas-a-little-sumpin-sumpin-ale/103006/,Tulip
/le-trou-du-diable-germaine/57979/,Lager glass
/weihenstephaner-vitus/70791/,Dimpled mug
/weihenstephaner-vitus/70791/,Stein
/weihenstephaner-vitus/70791/,Weizen
/three-floyds-conquistador-de-muerte-bourbon/110352/,English pint
/three-floyds-conquistador-de-muerte-bourbon/110352/,Shaker
/dogfish-head-world-wide-stout-2001-2003-present-18/5923/,Snifter
/cigar-city-cider-and-mead-homemade-apple-pie-cider/230631/,Bowl
/cigar-city-cider-and-mead-homemade-apple-pie-cider/230631/,Flute
/cigar-city-cider-and-mead-homemade-apple-pie-cider/230631/,Lager glass
/grimm-lambo-door/353386/,Shaker
/grimm-lambo-door/353386/,Snifter
/weltenburger-kloster-barock-dunkel/4024/,Dimpled mug
/weltenburger-kloster-barock-dunkel/4024/,Lager glass
/weltenburger-kloster-barock-dunkel/4024/,Stein
/schneider-weisse-original/1762/,Weizen
/tree-house-juice-machine-2015-/385710/,Shaker
/tree-house-juice-machine-2015-/385710/,Snifter
/trillium-scaled--double-dry-hopped/390513/,Shaker
/trillium-scaled--double-dry-hopped/390513/,Tulip
/ohanlons-thomas-hardys-ale-2003--2008/31915/,Snifter
/firestone-walker-double-jack-ipa/106045/,Shaker
/firestone-walker-double-jack-ipa/106045/,Snifter
/lagunitas-sucks/158433/,Snifter
/lagunitas-sucks/158433/,Tulip
/pfriem-pilsner/214896/,Flute
/pfriem-pilsner/214896/,Footed Pilsner
/kuhnhenn-raspberry-eisbock/25627/,Flute
/kuhnhenn-raspberry-eisbock/25627/,Shaker
/toppling-goliath-pseudosue/149475/,Lager glass
/toppling-goliath-pseudosue/149475/,Shaker
/toppling-goliath-pseudosue/149475/,Tulip
/new-glarus-strawberry-rhubarb/221454/,Flute
/new-glarus-strawberry-rhubarb/221454/,Shaker
/baladin-birra-lurisia-dodici-12/96407/,Snifter
/prairie-pirate-bomb/234388/,Snifter
/stone-20th-anniversary-encore-series-5th-anniversary-ipa/10342/,Shaker
/stone-20th-anniversary-encore-series-5th-anniversary-ipa/10342/,Tulip
/great-divide-old-ruffian--barrel-aged/93978/,Snifter
/paradox-beer-skully-barrel-no-30/355182/,Dimpled mug
/paradox-beer-skully-barrel-no-30/355182/,English pint
/paradox-beer-skully-barrel-no-30/355182/,Stein
/ayinger-weizen-bock/56837/,Dimpled mug
/ayinger-weizen-bock/56837/,Stein
/ayinger-weizen-bock/56837/,Weizen
/unibroue-17/83527/,Trappist glass
/unibroue-17/83527/,Tulip
/unibroue-17/83527/,Tumbler
/dunham-saison-cassis/281930/,Flute
/dunham-saison-cassis/281930/,Shaker
/goose-island-matilda/23624/,Trappist glass
/goose-island-matilda/23624/,Tulip
/goose-island-matilda/23624/,Tumbler
/5-rabbit-vida-y-muerte-muertzenbier/159078/,Dimpled mug
/5-rabbit-vida-y-muerte-muertzenbier/159078/,Stein
/evil-twin-yin-yang/172102/,Shaker
/evil-twin-yin-yang/172102/,Tulip
/les-vergers-de-la-colline-honey-crisp-sour/270596/,Bowl
/les-vergers-de-la-colline-honey-crisp-sour/270596/,Flute
/les-vergers-de-la-colline-honey-crisp-sour/270596/,Lager glass
/banded-horn-luminaire/371741/,Lager glass
/modern-times-fortunate-islands/218229/,Shaker
/modern-times-fortunate-islands/218229/,Weizen
/sante-adairius-cask-200/224892/,Tulip
/american-solera-foeder-cerise/443246/,Snifter
/american-solera-foeder-cerise/443246/,Tulip
/american-solera-foeder-cerise/443246/,Tumbler
/modern-times-fortunate-islands--grapefruit-zest/259160/,Shaker
/modern-times-fortunate-islands--grapefruit-zest/259160/,Weizen
/avery-the-maharaja-imperial-india-pale-ale/44485/,Shaker
/avery-the-maharaja-imperial-india-pale-ale/44485/,Snifter
/alesmith-nut-brown-english-style-ale-bottle-and-draft/2498/,Dimpled mug
/alesmith-nut-brown-english-style-ale-bottle-and-draft/2498/,Shaker
/timothy-taylor-landlord-bottle/4439/,English pint
/the-kernel-india-pale-ale-citra/137414/,Shaker
/the-kernel-india-pale-ale-citra/137414/,Tulip
/deschutes-obsidian-stout/2138/,English pint
/deschutes-obsidian-stout/2138/,Shaker
/deschutes-obsidian-stout/2138/,Snifter
/deschutes-black-butte-porter/2125/,English pint
/deschutes-black-butte-porter/2125/,Shaker
/lost-abbey-10-commandments/72830/,Trappist glass
/lost-abbey-10-commandments/72830/,Tulip
/lost-abbey-10-commandments/72830/,Tumbler
/the-bruery-wineification-iii/372715/,Flute
/the-bruery-wineification-iii/372715/,Shaker
/superstition-aphrodisia-pyment--syrah-grenache/260184/,Snifter
/superstition-aphrodisia-pyment--syrah-grenache/260184/,Stem glass
/hill-farmstead-vera-mae-wine-barrel--2016/441073/,Tulip
/abbaye-des-rocs-triple-imperiale/40722/,Trappist glass
/abbaye-des-rocs-triple-imperiale/40722/,Tulip
/abbaye-des-rocs-triple-imperiale/40722/,Tumbler
/lost-abbey-saints-devotion/93776/,Trappist glass
/lost-abbey-saints-devotion/93776/,Tulip
/lost-abbey-saints-devotion/93776/,Tumbler
/half-acre-daisy-cutter/102472/,Lager glass
/half-acre-daisy-cutter/102472/,Shaker
/half-acre-daisy-cutter/102472/,Tulip
/crooked-stave-nightmare-on-brett-raspberry/397486/,Snifter
/crooked-stave-nightmare-on-brett-raspberry/397486/,Tulip
/crooked-stave-nightmare-on-brett-raspberry/397486/,Tumbler
/epic-utah-sage-saison/161680/,Lager glass
/epic-utah-sage-saison/161680/,Shaker
/epic-utah-sage-saison/161680/,Tumbler
/three-floyds-dark-lord-russian-imperial-stout/15917/,Snifter
/einbecker-1378/404900/,Dimpled mug
/einbecker-1378/404900/,Stein
/three-floyds-amber-smashed-face/368397/,English pint
/three-floyds-amber-smashed-face/368397/,Shaker
/alesmith-grand-cru/2488/,Trappist glass
/alesmith-grand-cru/2488/,Tulip
/alesmith-grand-cru/2488/,Tumbler
/bells-java-stout/10338/,English pint
/bells-java-stout/10338/,Shaker
/bells-java-stout/10338/,Snifter
