ime,ocena,naslov
Arrogant Bastard Ale,4.4,/beer/arrogant-bastard-ale/1315/
Pipeworks Lil Citra,3.9,/beer/pipeworks-lil-citra/392754/
Buxton / Omnipollo Lemon Meringue Ice Cream Pie,3.9,/beer/buxton--omnipollo-lemon-meringue-ice-cream-pie/447868/
Founders Breakfast Stout,3.6,/beer/founders-breakfast-stout/14956/
Trillium / Amager Sigtebrod,4.3,/beer/trillium--amager-sigtebrod/454740/
Crouch Vale Amarillo,3.1,/beer/crouch-vale-amarillo/24922/
Victory Cage Radler,4.4,/beer/victory-cage-radler/351429/
Rodenbach Alexander,3.7,/beer/rodenbach-alexander/1195/
Oskar Blues Hotbox Coffee Porter,3.3,/beer/oskar-blues-hotbox-coffee-porter/132098/
Schneider Weisse Tap X Mathilda Soleil,3.9,/beer/schneider-weisse-tap-x-mathilda-soleil/319360/
Tired Hands Ourison,4.0,/beer/tired-hands-ourison/372558/
Founders Imperial Stout,3.7,/beer/founders-imperial-stout/5933/
Dublin 1798 Revolution Red,3.8,/beer/dublin-1798-revolution-red/387/
Founders Centennial IPA,3.5,/beer/founders-centennial-ipa/3168/
Hill Farmstead Edward ,3.8,/beer/hill-farmstead-edward/120812/
G\xc3\xa4nstaller Br\xc3\xa4u Affumicator,4.3,/beer/ganstaller-brau-affumicator/106788/
Stone IPA &#40;India Pale Ale&#41;,3.8,/beer/stone-ipa-india-pale-ale/422/
Orval,3.9,/beer/orval/835/
Dangerous Man Peanut Butter Porter,3.9,/beer/dangerous-man-peanut-butter-porter/299129/
Chimay Triple / Blanche &#40;White&#41; / Cinq Cents,4.0,/beer/chimay-triple--blanche-white--cinq-cents/52/
Stone Go To IPA,3.6,/beer/stone-go-to-ipa/253833/
Night Shift Furth,3.0,/beer/night-shift-furth/346002/
St-Ambroise Oatmeal Stout,3.7,/beer/st-ambroise-oatmeal-stout/839/
Charlevoix Dominus Vobiscum Lupulus,3.9,/beer/charlevoix-dominus-vobiscum-lupulus/82225/
Founders PC Pils,3.3,/beer/founders-pc-pils/382690/
Stillwater Contemporary Works - Surround,3.9,/beer/stillwater-contemporary-works--surround/312714/
De Dolle Oerbier,4.0,/beer/de-dolle-oerbier/6860/
Aecht Schlenkerla Rauchbier Urbock,3.9,/beer/aecht-schlenkerla-rauchbier-urbock/6349/
Lost Abbey Box Set: Track #10 &#40;Bat out of Hell&#41;,4.0,/beer/lost-abbey-box-set-track-10-bat-out-of-hell/160461/
Young\xc2\x92s Double Chocolate Stout,3.3,/beer/youngs-double-chocolate-stout/139/
Ayinger Celebrator Doppelbock,4.4,/beer/ayinger-celebrator-doppelbock/1090/
Boulevard Ginger Lemon Radler,3.6,/beer/boulevard-ginger-lemon-radler/254155/
AleSmith Speedway Stout - Vietnamese Coffee,4.2,/beer/alesmith-speedway-stout--vietnamese-coffee/159307/
Anchor Porter,3.7,/beer/anchor-porter/48/
Magic Rock / Fork & Brewer The Upside Down,3.8,/beer/magic-rock--fork-brewer-the-upside-down/450866/
Fuller\xc2\x92s London Porter &#40;Bottle/Keg&#41;,3.1,/beer/fullers-london-porter-bottle-keg/303/
Weihenstephaner Korbinian,4.2,/beer/weihenstephaner-korbinian/7823/
Anchorage Whiteout Wit Bier,3.5,/beer/anchorage-whiteout-wit-bier/146191/
Clown Shoes Archdruid,1.9,/beer/clown-shoes-archdruid/441796/
Smuttynose Robust Porter,3.6,/beer/smuttynose-robust-porter/5576/
Ballast Point Sculpin IPA,3.9,/beer/ballast-point-sculpin-ipa/50008/
Evil Twin Imperial Biscotti Break,4.2,/beer/evil-twin-imperial-biscotti-break/168309/
Sierra Nevada Hoptimum,3.5,/beer/sierra-nevada-hoptimum/117825/
Surly Coffee Bender,4.1,/beer/surly-coffee-bender/59862/
Siren Liquid Mistress,3.3,/beer/siren-liquid-mistress/204310/
Sante Adairius Bright Sea Blonde,4.3,/beer/sante-adairius-bright-sea-blonde/209548/
Schramm\xc2\x92s Black Agnes,4.0,/beer/schramms-black-agnes/254745/
Weltenburger Kloster Asam Bock,4.0,/beer/weltenburger-kloster-asam-bock/4025/
Stillwater Contemporary Works - Yacht,3.4,/beer/stillwater-contemporary-works--yacht/321441/
Cycle / 3 Sons Rare Scooop,4.7,/beer/cycle--3-sons-rare-scooop/420014/
Ballast Point Mocha Marlin,3.7,/beer/ballast-point-mocha-marlin/378420/
Bell\xc2\x92s Expedition Stout,4.6,/beer/bells-expedition-stout/3214/
Brew By Numbers 03/05 Porter - Willamette & Centennial,3.8,/beer/brew-by-numbers-03-05-porter--willamette-centennial/393076/
Smuttynose Baltic Porter,3.8,/beer/smuttynose-baltic-porter/83476/
Cloudwater DIPA - v8,4.6,/beer/cloudwater-dipa--v8/455619/
Millstone Cellars Hopvine,3.8,/beer/millstone-cellars-hopvine/240264/
Great Notion Juice Box Double IPA ,4.5,/beer/great-notion-juice-box-double-ipa/396434/
Three Floyds Wigsplitter,3.5,/beer/three-floyds-wigsplitter/342218/
Northern Monk Patrons Projects 1.01 Coffee Porter,4.0,/beer/northern-monk-patrons-projects-101-coffee-porter/434783/
Three Floyds Alpha King,3.7,/beer/three-floyds-alpha-king/1432/
Griess Kellerbier,4.0,/beer/griess-kellerbier/28669/
Founders Backwoods Bastard,4.1,/beer/founders-backwoods-bastard/69624/
Beavertown Gamma Ray  ,3.6,/beer/beavertown-gamma-ray/189363/
Modern Times City of the Dead,3.8,/beer/modern-times-city-of-the-dead/312152/
Rodenbach Vintage,4.1,/beer/rodenbach-vintage/112249/
Schneider TAP 4 Meine Festweisse,3.9,/beer/schneider-tap-4-meine-festweisse/6212/
Wicked Weed Pernicious IPA,3.5,/beer/wicked-weed-pernicious-ipa/328500/
Buxton Extra Porter,3.6,/beer/buxton-extra-porter/409056/
Lost Abbey Red Poppy Ale,3.3,/beer/lost-abbey-red-poppy-ale/77393/
Schell Noble Star - Starkeller Peach,3.8,/beer/schell-noble-star--starkeller-peach/340928/
Salopian Kashmir,3.6,/beer/salopian-kashmir/109471/
Beaus Wag the Wolf ,3.5,/beer/beaus-wag-the-wolf/205741/
Bush de Charmes,4.0,/beer/bush-de-charmes/315140/
Evil Twin Mosaic Single Hop Imperial India Pale American Wheat Lager,3.5,/beer/evil-twin-mosaic-single-hop-imperial-india-pale-american-wheat-lager/301903/
Mikkeller San Diego California Dream,3.4,/beer/mikkeller-san-diego-california-dream/414045/
Maisel\xc2\x92s Weisse Original,3.5,/beer/maisels-weisse-original/4560/
Arrogant Who You Callin\xc2\x92 Wussie,2.7,/beer/arrogant-who-you-callin-wussie/429477/
Paulaner Hefe-Weissbier &#40;Hefe-Weizen&#41; &#40;5.5%&#41;,2.5,/beer/paulaner-hefe-weissbier-hefe-weizen-55/647/
Maui Brewing Coconut Hiwa Porter,4.2,/beer/maui-brewing-coconut-hiwa-porter/59330/
Boombox / Machine Pablo Esco Gnar,4.0,/beer/boombox--machine-pablo-esco-gnar/454620/
Fremont Brew 1000,3.8,/beer/fremont-brew-1000/270858/
Cloudwater Spring Summer 2016 IPA Citra,3.7,/beer/cloudwater-spring-summer-2016-ipa-citra/399366/
Modern Times Neverwhere,3.9,/beer/modern-times-neverwhere/218230/
Stillwater Contemporary Works - Mono,3.7,/beer/stillwater-contemporary-works--mono/312704/
Cellarmaker Dobis P.A.,3.7,/beer/cellarmaker-dobis-pa/233799/
Beavertown / Boneyard Bloody Notorious,3.5,/beer/beavertown--boneyard-bloody-notorious/426167/
Anspach & Hobday The Porter,3.8,/beer/anspach-hobday-the-porter/249269/
The Kernel Pale Ale Nelson Sauvin,3.7,/beer/the-kernel-pale-ale-nelson-sauvin/122857/
Funky Buddha Last Snow Porter,4.1,/beer/funky-buddha-last-snow-porter/139108/
Upright Flora Rustica &#40;Barrel Aged&#41;,3.7,/beer/upright-flora-rustica-barrel-aged/221903/
Ayinger Oktober Fest-M\xc3\xa4rzen,3.3,/beer/ayinger-oktober-fest-marzen/2718/
Maine Beer Peeper Ale,3.6,/beer/maine-beer-peeper-ale/107273/
Lakefront Imperial Pumpkin &#40;2014-&#41;,3.9,/beer/lakefront-imperial-pumpkin-2014-/286917/
Surly / Amager Todd - The Axe Man &#40;Surly Version&#41;,4.0,/beer/surly--amager-todd--the-axe-man-surly-version/289004/
Alchemist The Crusher,4.1,/beer/alchemist-the-crusher/90987/
Buxton High Tor,3.6,/beer/buxton-high-tor/159608/
Firestone Walker Wookey Jack Black Rye IPA,4.2,/beer/firestone-walker-wookey-jack-black-rye-ipa/167331/
Fair State Vienna,3.7,/beer/fair-state-vienna/315036/
Central Waters HHG APA,3.7,/beer/central-waters-hhg-apa/325231/
Cigar City Good Gourd Almighty - Bourbon Barrel,3.8,/beer/cigar-city-good-gourd-almighty--bourbon-barrel/405033/
New Glarus Unplugged Smoke on the Porter,3.9,/beer/new-glarus-unplugged-smoke-on-the-porter/80590/
Otter Creek / Lawson\xc2\x92s Finest Liquids Double Dose IPA,3.8,/beer/otter-creek--lawsons-finest-liquids-double-dose-ipa/230534/
Ommegang Game of Thrones #4 - Valar Morghulis,4.2,/beer/ommegang-game-of-thrones-4--valar-morghulis/265444/
Bell\xc2\x92s Two Hearted Ale,3.7,/beer/bells-two-hearted-ale/1502/
Hill Farmstead Dorothy &#40;2015-&#41;,4.0,/beer/hill-farmstead-dorothy-2015-/321875/
Bell\xc2\x92s The Oracle DIPA Ale,3.8,/beer/bells-the-oracle-dipa-ale/106028/
Jackie O\xc2\x92s Bourbon Barrel Barking Pumpkin,3.6,/beer/jackie-os-bourbon-barrel-barking-pumpkin/295852/
Modern Times Sleepless City - Vanilla & Cocoa Nibs ,4.7,/beer/modern-times-sleepless-city--vanilla-cocoa-nibs/304122/
Oskar Blues / Shamrock Death By Coconut,3.1,/beer/oskar-blues--shamrock-death-by-coconut/261714/
Lagunitas Born Yesterday Pale Ale,3.7,/beer/lagunitas-born-yesterday-pale-ale/295821/
Trillium Fort Point Pale Ale - Galaxy Dry Hopped,4.3,/beer/trillium-fort-point-pale-ale--galaxy-dry-hopped/279560/
Dieu du Ciel Aphrodisiaque,4.4,/beer/dieu-du-ciel-aphrodisiaque/24350/
Unibroue Trois Pistoles,3.8,/beer/unibroue-trois-pistoles/1926/
Toppling Goliath Intergalactic Warrior IPA,4.0,/beer/toppling-goliath-intergalactic-warrior-ipa/179986/
Tree House Doppelganger,4.0,/beer/tree-house-doppelganger/390787/
Three Floyds Zombie Dust,4.1,/beer/three-floyds-zombie-dust/135404/
Fat Head\xc2\x92s Spooky Tooth Imperial Pumpkin Ale,3.8,/beer/fat-heads-spooky-tooth-imperial-pumpkin-ale/151214/
Deschutes Black Butte XXVIII,4.0,/beer/deschutes-black-butte-xxviii/432428/
Three Floyds Gumballhead,3.9,/beer/three-floyds-gumballhead/22764/
Sierra Nevada Coffee Stout,3.8,/beer/sierra-nevada-coffee-stout/292419/
Founders Porter,3.6,/beer/founders-porter/3173/
Lawson\xc2\x92s Finest Double Sunshine IPA,3.3,/beer/lawsons-finest-double-sunshine-ipa/134550/
Jolly Pumpkin La Parcela No. 1 Pumpkin Ale,3.7,/beer/jolly-pumpkin-la-parcela-no-1-pumpkin-ale/94686/
Cellarmaker Tiny Dankster,3.7,/beer/cellarmaker-tiny-dankster/265878/
Tuckerman Altitude,4.3,/beer/tuckerman-altitude/164723/
Cycle Barrel-Aged Hazelnut Imperial Stout,3.9,/beer/cycle-barrel-aged-hazelnut-imperial-stout/376070/
Weihenstephaner Hefeweissbier Dunkel,4.0,/beer/weihenstephaner-hefeweissbier-dunkel/4583/
Straight To Ale He Ain\xc2\x92t Heffe,3.3,/beer/straight-to-ale-he-aint-heffe/174657/
Funky Buddha Wide Awake It\xc2\x92s Morning,3.8,/beer/funky-buddha-wide-awake-its-morning/148014/
Driftwood Entangled Hopfenweisse,3.7,/beer/driftwood-entangled-hopfenweisse/297853/
Toppling Goliath King Sue,4.3,/beer/toppling-goliath-king-sue/252251/
Founders Sumatra Mountain Brown,4.0,/beer/founders-sumatra-mountain-brown/135773/
Grassroots Legitimacy,4.1,/beer/grassroots-legitimacy/214350/
Uinta Fest Helles,4.3,/beer/uinta-fest-helles/432004/
Hill Farmstead Susan,4.2,/beer/hill-farmstead-susan/191994/
Sierra Nevada / Mahrs Br\xc3\xa4u Oktoberfest &#40;2016&#41;,3.3,/beer/sierra-nevada--mahrs-brau-oktoberfest-2016/439036/
Hoppin\xc2\x92 Frog Barrel Aged BORIS The Crusher ,4.3,/beer/hoppin-frog-barrel-aged-boris-the-crusher/99410/
Alchemist Heady Topper,4.5,/beer/alchemist-heady-topper/32329/
De Dolle Oerbier Special Reserva,3.9,/beer/de-dolle-oerbier-special-reserva/28132/
Westbrook Mexican Cake Imperial Stout - Double Barrel,4.5,/beer/westbrook-mexican-cake-imperial-stout--double-barrel/288520/
Avery Rumpkin,3.5,/beer/avery-rumpkin/131832/
The Bruery Humulus Rye,3.5,/beer/the-bruery-humulus-rye/399388/
Allagash Little Brett,3.4,/beer/allagash-little-brett/385843/
Dark Star Hophead,3.5,/beer/dark-star-hophead/16389/
Superstition Peanut Butter Jelly Crime,4.3,/beer/superstition-peanut-butter-jelly-crime/402282/
Oskar Blues Dale\xc2\x92s Pale Ale,3.4,/beer/oskar-blues-dales-pale-ale/11576/
Marz Jungle Boogie,3.7,/beer/marz-jungle-boogie/303531/
Great Notion Juice Jr. Session IPA,4.1,/beer/great-notion-juice-jr-session-ipa/396435/
Fremont Field to Ferment - Mosaic,3.8,/beer/fremont-field-to-ferment--mosaic/453464/
Superstition Aphrodisia Pyment - Cabernet/Syrah,3.7,/beer/superstition-aphrodisia-pyment--cabernet-syrah/260182/
Trillium Scaled Up,3.8,/beer/trillium-scaled-up/382827/
J. Wakefield Orange Dreamsicle Berliner,4.5,/beer/j-wakefield-orange-dreamsicle-berliner/418018/
Oakham Inferno &#40;Bottle&#41;,3.3,/beer/oakham-inferno-bottle/265635/
Lord Hobo Hobo Life,3.7,/beer/lord-hobo-hobo-life/401865/
Founders Backstage Series # 1: Blushing Monk,3.6,/beer/founders-backstage-series-1-blushing-monk/148616/
The Bruery Poterie,4.2,/beer/the-bruery-poterie/172506/
Trillium Summer Street IPA - Double Dry Hopped,4.3,/beer/trillium-summer-street-ipa--double-dry-hopped/339405/
Fuller\xc2\x92s Vintage Ale 2013,3.5,/beer/fullers-vintage-ale-2013/223320/
Evil Twin Imperial Doughnut Break,3.8,/beer/evil-twin-imperial-doughnut-break/202247/
AleSmith Old Numbskull - Bourbon Barrel Aged,4.3,/beer/alesmith-old-numbskull--bourbon-barrel-aged/42090/
Lost Abbey Isabelle Proximus,4.1,/beer/lost-abbey-isabelle-proximus/86542/
Westmalle Tripel,4.2,/beer/westmalle-tripel/2204/
Heretic Chocolate Hazelnut Porter &#40;CHP&#41;,3.6,/beer/heretic-chocolate-hazelnut-porter-chp/235853/
Dunham LaPatt Porter Robuste,3.5,/beer/dunham-lapatt-porter-robuste/165504/
North Coast Old Rasputin Russian Imperial Stout,3.9,/beer/north-coast-old-rasputin-russian-imperial-stout/680/
Trillium Melcher Street IPA,3.9,/beer/trillium-melcher-street-ipa/275885/
Abbaye des Rocs Grand Cru,3.7,/beer/abbaye-des-rocs-grand-cru/7684/
Lost Abbey The Angels Share - Bourbon Barrel,4.6,/beer/lost-abbey-the-angels-share--bourbon-barrel/72798/
Schramm\xc2\x92s Cranberry,4.7,/beer/schramms-cranberry/335757/
Cigar City Hunahpu\xc2\x92s Imperial Stout - Double Barrel Aged,5.0,/beer/cigar-city-hunahpus-imperial-stout--double-barrel-aged/249005/
Evil Twin Femme Fatale Yuzu Pale,3.7,/beer/evil-twin-femme-fatale-yuzu-pale/228840/
Weihenstephaner Hefeweissbier,3.7,/beer/weihenstephaner-hefeweissbier/1156/
Schramm\xc2\x92s Madeline,4.3,/beer/schramms-madeline/335761/
Trillium Pier,4.3,/beer/trillium-pier/289791/
Trillium Scaled,4.3,/beer/trillium-scaled/377675/
Jolly Pumpkin Calabaza Blanca,3.8,/beer/jolly-pumpkin-calabaza-blanca/36706/
Burial Skillet Donut Stout,3.0,/beer/burial-skillet-donut-stout/214981/
Rodenbach Caract\xc3\xa8re Rouge,4.3,/beer/rodenbach-caractere-rouge/158126/
Schramm\xc2\x92s Red Agnes,4.9,/beer/schramms-red-agnes/407785/
De Dolle Stille Nacht,4.1,/beer/de-dolle-stille-nacht/6862/
Schramm\xc2\x92s The Heart of Darkness,5.0,/beer/schramms-the-heart-of-darkness/231441/
Cloudwater Spring Summer 2016 - IPL Centennial ,3.7,/beer/cloudwater-spring-summer-2016--ipl-centennial/436189/
Evil Twin Imperial Biscotti Break - Bourbon Barrel,4.0,/beer/evil-twin-imperial-biscotti-break--bourbon-barrel/236752/
Firestone Walker Pivo Hoppy Pils,3.9,/beer/firestone-walker-pivo-hoppy-pils/152845/
Anchor California Lager,3.5,/beer/anchor-california-lager/166433/
Schneider Weisse Tap 5 Meine Hopfen-Weisse,4.4,/beer/schneider-weisse-tap-5-meine-hopfen-weisse/75466/
Beachwood Amalgamator,3.9,/beer/beachwood-amalgamator/198910/
Fremont Field to Ferment - Simcoe,3.8,/beer/fremont-field-to-ferment--simcoe/449327/
Pipeworks Emerald Grouper ,4.0,/beer/pipeworks-emerald-grouper/428893/
Brodies Piccadilly Pale Ale,3.6,/beer/brodies-piccadilly-pale-ale/365971/
Flying Dog Heat Series: Ancho Lime Paradise Lager,3.0,/beer/flying-dog-heat-series-ancho-lime-paradise-lager/420612/
High Water Campfire Stout,3.7,/beer/high-water-campfire-stout/170480/
Modern Times Fruitlands - Passion Fruit & Guava,3.5,/beer/modern-times-fruitlands--passion-fruit-guava/374545/
Siren / Magic Rock / Beavertown Rule of Thirds,3.8,/beer/siren--magic-rock--beavertown-rule-of-thirds/300938/
Hill Farmstead / Jackie O\xc2\x92s / Crooked Stave / Side Project Elaborative #4,3.7,/beer/hill-farmstead--jackie-os--crooked-stave--side-project-elaborative-4/367625/
Sante Adairius Fruit Punch #1,3.9,/beer/sante-adairius-fruit-punch-1/314588/
Achel Blond Extra,4.1,/beer/achel-blond-extra/135870/
St-Feuillien Triple,3.5,/beer/st-feuillien-triple/2406/
Arbor / Mezzo Passo Basta Rosse,3.6,/beer/arbor--mezzo-passo-basta-rosse/340856/
Redemption Trinity,3.4,/beer/redemption-trinity/141297/
Marble Manchester Bitter,3.4,/beer/marble-manchester-bitter/16197/
Russian River Pliny the Elder,4.0,/beer/russian-river-pliny-the-elder/8936/
Trillium Itty Bitty Goose,3.7,/beer/trillium-itty-bitty-goose/275435/
Samuel Smiths Oatmeal Stout,4.2,/beer/samuel-smiths-oatmeal-stout/87/
Peak Organic Super Fresh,3.9,/beer/peak-organic-super-fresh/357191/
Redwell India Pale Lager,3.7,/beer/redwell-india-pale-lager/289521/
Evil Twin Even More Jesus,3.9,/beer/evil-twin-even-more-jesus/169724/
Moor Union\xc2\x92Hop,3.9,/beer/moor-unionhop/404648/
Firestone Walker Easy Jack,4.0,/beer/firestone-walker-easy-jack/254845/
Town Hall Masala Mama IPA,3.5,/beer/town-hall-masala-mama-ipa/14052/
Wiseacre Tiny Bomb American Pilsner,3.5,/beer/wiseacre-tiny-bomb-american-pilsner/227864/
Point Whole Hog Pumpkin Ale,4.5,/beer/point-whole-hog-pumpkin-ale/109480/
Elysian Punkuccino Coffee Pumpkin Ale,3.4,/beer/elysian-punkuccino-coffee-pumpkin-ale/232495/
Fair State Festbier,3.0,/beer/fair-state-festbier/293719/
Bell\xc2\x92s Kalamazoo Stout,4.4,/beer/bells-kalamazoo-stout/3209/
2nd Shift Technical Ecstasy,3.8,/beer/2nd-shift-technical-ecstasy/341649/
Schramm\xc2\x92s Nutmeg,3.4,/beer/schramms-nutmeg/279607/
Lost Abbey Framboise de Amorosa,4.1,/beer/lost-abbey-framboise-de-amorosa/118146/
WeldWerks Juicy Bits,3.3,/beer/weldwerks-juicy-bits/405202/
Surly Bender,3.6,/beer/surly-bender/55126/
Surly Hell,3.3,/beer/surly-hell/91358/
Capital Autumnal Fire,4.0,/beer/capital-autumnal-fire/864/
Lagunitas Born Again Yesterday ,4.0,/beer/lagunitas-born-again-yesterday/425060/
Roak Devil Dog Oatmeal Stout,3.7,/beer/roak-devil-dog-oatmeal-stout/340191/
Stillwater Gose Gone Wild,3.7,/beer/stillwater-gose-gone-wild/266266/
Three Floyds Permanent Funeral,4.2,/beer/three-floyds-permanent-funeral/207415/
Westvleteren 12 &#40;XII&#41;,4.3,/beer/westvleteren-12-xii/4934/
Cigar City Invasion Pale Ale,4.0,/beer/cigar-city-invasion-pale-ale/195576/
Driftwood Raised by Wolves IPA,4.2,/beer/driftwood-raised-by-wolves-ipa/353995/
Jack\xc2\x92s Abby Excess IPL,3.7,/beer/jacks-abby-excess-ipl/329280/
Beyond the Pale Pink Fuzz,3.6,/beer/beyond-the-pale-pink-fuzz/193496/
Four Winds Passionfruit Berliner Weisse,4.0,/beer/four-winds-passionfruit-berliner-weisse/337193/
Lagunitas Tuberfest,3.1,/beer/lagunitas-tuberfest/444171/
Alaskan Heritage Coffee Brown Ale,3.5,/beer/alaskan-heritage-coffee-brown-ale/75347/
Vox Populi Anna,3.8,/beer/vox-populi-anna/422735/
Schlafly Tasmanian IPA &#40;TIPA&#41;,3.5,/beer/schlafly-tasmanian-ipa-tipa/187510/
Arrogant Double Bastard Ale in the Rye,4.3,/beer/arrogant-double-bastard-ale-in-the-rye/371904/
Hill Farmstead Abner,4.8,/beer/hill-farmstead-abner/122097/
La Cumbre Full Nelson,4.3,/beer/la-cumbre-full-nelson/197191/
The Kernel Dry Stout Citra,3.5,/beer/the-kernel-dry-stout-citra/373056/
The Kernel Dry Stout Chinook,3.4,/beer/the-kernel-dry-stout-chinook/398787/
Schlafly Double Bean Blonde ,3.1,/beer/schlafly-double-bean-blonde/397158/
La Cumbre Elevated IPA,3.3,/beer/la-cumbre-elevated-ipa/133713/
The Kernel Pale Ale Cascade Mosaic Nelson Sauvin,4.0,/beer/the-kernel-pale-ale-cascade-mosaic-nelson-sauvin/397981/
The Kernel Pale Ale Cascade,3.7,/beer/the-kernel-pale-ale-cascade/126192/
Aecht Schlenkerla Helles Lagerbier,3.4,/beer/aecht-schlenkerla-helles-lagerbier/16402/
Fat Head\xc2\x92s Hop Stalker Fresh Hop IPA,3.9,/beer/fat-heads-hop-stalker-fresh-hop-ipa/293365/
Fat Head\xc2\x92s IBUsive IPA,4.3,/beer/fat-heads-ibusive-ipa/201827/
Wasatch Snap Down India Pale Lager ,2.3,/beer/wasatch-snap-down-india-pale-lager/261983/
Stoneface Porter,3.9,/beer/stoneface-porter/308906/
Side Project Saison du Fermier From Pinot Noir Puncheons,4.2,/beer/side-project-saison-du-fermier-from-pinot-noir-puncheons/433664/
Great Divide Yeti Imperial Stout,4.7,/beer/great-divide-yeti-imperial-stout/25082/
Evil Twin Wet Dream,2.9,/beer/evil-twin-wet-dream/182660/
Side Project Pulling Nails Blend #3,4.0,/beer/side-project-pulling-nails-blend-3/340338/
Superstition Marion Mead - Still,4.0,/beer/superstition-marion-mead--still/211340/
BAD Comfortably Numb,3.4,/beer/bad-comfortably-numb/292344/
The Kernel Pale Ale Citra Chinook Amarillo,3.5,/beer/the-kernel-pale-ale-citra-chinook-amarillo/315149/
The Kernel Export Stout London 1890,4.5,/beer/the-kernel-export-stout-london-1890/126190/
Otter Creek 25th Anniversary Double IPL,1.3,/beer/otter-creek-25th-anniversary-double-ipl/442822/
McFate Candy Bar Milk Stout,4.2,/beer/mcfate-candy-bar-milk-stout/212809/
Societe The Pupil,3.7,/beer/societe-the-pupil/175224/
Tired Hands Okt\xc3\xbcberfest,3.3,/beer/tired-hands-oktuberfest/186253/
Bear Republic Racer X,3.9,/beer/bear-republic-racer-x/12633/
Wicked Weed Barrel Aged Xibalba,4.6,/beer/wicked-weed-barrel-aged-xibalba/449596/
Surly Darkness,4.5,/beer/surly-darkness/65289/
Knoblach Schammelsdorfer Bockbier,2.9,/beer/knoblach-schammelsdorfer-bockbier/60019/
Achel Extra Bruin &#40;de 3 Wijzen&#41;,4.4,/beer/achel-extra-bruin-de-3-wijzen/18983/
Wicked Weed Xibalba,4.4,/beer/wicked-weed-xibalba/361578/
Trillium Cutting Tiles - Mosaic,3.9,/beer/trillium-cutting-tiles--mosaic/436810/
Trillium Mettle,4.0,/beer/trillium-mettle/256288/
Camba Bavaria Nelson Sauvin Weissbier,3.3,/beer/camba-bavaria-nelson-sauvin-weissbier/172501/
Dogfish Head My Antonia,3.8,/beer/dogfish-head-my-antonia/116033/
Ommegang Game of Thrones #6 - Seven Kingdoms,2.7,/beer/ommegang-game-of-thrones-6--seven-kingdoms/406295/
Le Castor Brett Bitter,3.4,/beer/le-castor-brett-bitter/363424/
De Garde Nectarine Premiere,4.3,/beer/de-garde-nectarine-premiere/334419/
Black Market Aftermath,3.4,/beer/black-market-aftermath/209725/
Buxton Imperial Black,3.8,/beer/buxton-imperial-black/161898/
AleSmith Reforged,3.9,/beer/alesmith-reforged/361665/
Gulpener Biologisch Ur-Hop,3.4,/beer/gulpener-biologisch-ur-hop/264634/
Maine Beer A Tiny Beautiful Something,4.3,/beer/maine-beer-a-tiny-beautiful-something/251024/
Prost Wei\xc3\x9fbier,3.7,/beer/prost-weissbier/180502/
The Kernel Pale Ale Citra,3.9,/beer/the-kernel-pale-ale-citra/139682/
Cloudwater Vermont ESB,3.7,/beer/cloudwater-vermont-esb/397404/
Weihenstephaner Kristallweissbier,3.8,/beer/weihenstephaner-kristallweissbier/4584/
Les Trois Mousquetaires S.S. Hopfenweisse,4.0,/beer/les-trois-mousquetaires-ss-hopfenweisse/176555/
Jester King Repos\xc3\xa9 ,3.7,/beer/jester-king-repose/317511/
Avery Liliko\xc2\x92i Kepolo,3.9,/beer/avery-lilikoi-kepolo/125959/
Firestone Walker 18 &#40;XVIII Eighteenth Anniversary Ale&#41; ,4.0,/beer/firestone-walker-18-xviii-eighteenth-anniversary-ale/298767/
Maisel & Friends Marc\xc2\x92s Chocolate Bock,4.4,/beer/maisel-friends-marcs-chocolate-bock/185853/
Brodies Shoreditch Sunshine,3.8,/beer/brodies-shoreditch-sunshine/156553/
Firestone Walker 17 &#40;XVII Seventeenth Anniversary Ale&#41;,4.3,/beer/firestone-walker-17-xvii-seventeenth-anniversary-ale/236504/
Hardknott Infra Red,3.8,/beer/hardknott-infra-red/129597/
Tree House Alter Ego,3.5,/beer/tree-house-alter-ego/339814/
Schneider Weisse Weizen Hell,3.6,/beer/schneider-weisse-weizen-hell/9072/
Tree House Sap &#40;December 2015 - &#41;,4.8,/beer/tree-house-sap-december-2015--/385871/
Founders Harvest Ale,4.4,/beer/founders-harvest-ale/40277/
Victory Kirsch Gose,3.8,/beer/victory-kirsch-gose/314785/
Kulmbacher Eisbock,3.8,/beer/kulmbacher-eisbock/14367/
Schneider Weisse Tap X Mein Cuv\xc3\xa9e Barrique,3.9,/beer/schneider-weisse-tap-x-mein-cuvee-barrique/180392/
AleSmith Anvil ESB,3.1,/beer/alesmith-anvil-esb/2500/
Arrogant Double Bastard Ale,3.6,/beer/arrogant-double-bastard-ale/11243/
Firestone Walker 16 &#40;XVI Sixteenth Anniversary Ale&#41;,4.2,/beer/firestone-walker-16-xvi-sixteenth-anniversary-ale/187890/
Firestone Walker 15 &#40;XV&#41;,3.9,/beer/firestone-walker-15-xv/157928/
Firestone Walker 14,4.3,/beer/firestone-walker-14/133383/
Rogue Dead Guy Ale,3.0,/beer/rogue-dead-guy-ale/589/
Siren / Cigar City Caribbean Chocolate Cake,3.8,/beer/siren--cigar-city-caribbean-chocolate-cake/260237/
Cascade Vlad the Imp Aler,3.7,/beer/cascade-vlad-the-imp-aler/96273/
Ballast Point Dead Ringer Oktoberfest,3.4,/beer/ballast-point-dead-ringer-oktoberfest/278843/
Tree House Eureka - Citra,3.8,/beer/tree-house-eureka--citra/243924/
The Veil Master Master Shredder Shredder,3.8,/beer/the-veil-master-master-shredder-shredder/428324/
Charlevoix Dominus Vobiscum Double,3.3,/beer/charlevoix-dominus-vobiscum-double/59975/
Dieu du Ciel Solstice d\xc2\x92\xc3\x89t\xc3\xa9 aux Framboises,4.0,/beer/dieu-du-ciel-solstice-dete-aux-framboises/8116/
Charlevoix Dominus Vobiscum Triple,3.8,/beer/charlevoix-dominus-vobiscum-triple/26564/
Cigar City Good Gourd Imperial Pumpkin Ale,3.8,/beer/cigar-city-good-gourd-imperial-pumpkin-ale/97049/
Cigar City White Oak Jai Alai India Pale Ale,3.3,/beer/cigar-city-white-oak-jai-alai-india-pale-ale/123699/
Cigar City Jai Alai India Pale Ale,3.5,/beer/cigar-city-jai-alai-india-pale-ale/95103/
New Belgium 1554 Enlightened Black Lager,3.5,/beer/new-belgium-1554-enlightened-black-lager/1266/
Cigar City Guayabera Citra Pale Ale,3.5,/beer/cigar-city-guayabera-citra-pale-ale/293597/
Ballast Point Grunion Pale Ale,4.0,/beer/ballast-point-grunion-pale-ale/223253/
G\xc3\xa4nstaller Br\xc3\xa4u Zwickelpils,3.2,/beer/ganstaller-brau-zwickelpils/65398/
Magic Rock Clown Juice,3.4,/beer/magic-rock-clown-juice/177669/
Stillwater Gose Gone Wild - Phuket,3.7,/beer/stillwater-gose-gone-wild--phuket/430324/
Magic Rock Rapture,3.6,/beer/magic-rock-rapture/145148/
Les Trois Mousquetaires S.S. IPA,3.4,/beer/les-trois-mousquetaires-ss-ipa/425456/
The Ale Apothecary Sahati,4.1,/beer/the-ale-apothecary-sahati/182982/
Alpine Beer Company Hoppy Birthday,3.6,/beer/alpine-beer-company-hoppy-birthday/123454/
Knee Deep Simtra Triple IPA,3.7,/beer/knee-deep-simtra-triple-ipa/166154/
Noble Ale Works Citra Showers,4.0,/beer/noble-ale-works-citra-showers/244242/
Ale Asylum Bedlam&#033;,3.4,/beer/ale-asylum-bedlam/121563/
Anchorage Mosaic Saison,3.6,/beer/anchorage-mosaic-saison/328505/
Goose Island Bourbon County Stout - Rare 2015,4.4,/beer/goose-island-bourbon-county-stout--rare-2015/374889/
AleSmith Evil Dead Red,3.9,/beer/alesmith-evil-dead-red/2496/
Four Winds Juxtapose Wild IPA,3.7,/beer/four-winds-juxtapose-wild-ipa/254839/
Lawson\xc2\x92s Finest Sip of Sunshine IPA,4.2,/beer/lawsons-finest-sip-of-sunshine-ipa/258973/
Ballast Point Grapefruit Sculpin,4.1,/beer/ballast-point-grapefruit-sculpin/213365/
Stone RuinTen Triple IPA,4.1,/beer/stone-ruinten-triple-ipa/171722/
Hill Farmstead Earl,4.0,/beer/hill-farmstead-earl/127227/
Pipeworks Blood of the Unicorn &#40;2015-&#41;,2.9,/beer/pipeworks-blood-of-the-unicorn-2015-/351068/
Huss Koffee K\xc3\xb6lsch,3.5,/beer/huss-koffee-kolsch/347658/
Bell\xc2\x92s Quinannan Falls Special Lager,3.7,/beer/bells-quinannan-falls-special-lager/111363/
Hoppin\xc2\x92 Frog Tower Tuesday: Infusion A - Coffee Porter,3.7,/beer/hoppin-frog-tower-tuesday-infusion-a--coffee-porter/261765/
The Kernel Pale Ale Citra Centennial,3.6,/beer/the-kernel-pale-ale-citra-centennial/162431/
Modern Times Blazing World,3.6,/beer/modern-times-blazing-world/218227/
Chimay Bleue &#40;Blue&#41; / Grande R\xc3\xa9serve,4.7,/beer/chimay-bleue-blue--grande-reserve/53/
Stone Smoked Porter,3.7,/beer/stone-smoked-porter/421/
4 Hands / Wicked Weed Super Flare IPA,2.2,/beer/4-hands--wicked-weed-super-flare-ipa/286828/
Stone Enjoy By IPA,4.4,/beer/stone-enjoy-by-ipa/183117/
Samuel Smiths Taddy Porter,3.9,/beer/samuel-smiths-taddy-porter/94/
AleSmith IPA,4.2,/beer/alesmith-ipa/14396/
Bear Republic Hop Rod Rye Ale,3.9,/beer/bear-republic-hop-rod-rye-ale/8048/
Great Lakes Brewery Karma Citra,4.7,/beer/great-lakes-brewery-karma-citra/140085/
Westmalle Dubbel,3.7,/beer/westmalle-dubbel/2205/
Cellarmaker Neon Nights ,3.6,/beer/cellarmaker-neon-nights/393887/
Indeed Day Tripper Pale Ale,3.7,/beer/indeed-day-tripper-pale-ale/178169/
Dieu du Ciel P\xc3\xa9ch\xc3\xa9 Mortel ,4.3,/beer/dieu-du-ciel-peche-mortel/11461/
Trillium Sleeper Street IPA - Double Dry Hopped,3.9,/beer/trillium-sleeper-street-ipa--double-dry-hopped/314822/
Uerige Doppel Sticke,3.9,/beer/uerige-doppel-sticke/46158/
Angry Chair German Chocolate Cupcake Stout,3.5,/beer/angry-chair-german-chocolate-cupcake-stout/253661/
Port Brewing Older Viscosity,4.3,/beer/port-brewing-older-viscosity/66624/
Finnriver Black Currant Lavender,3.7,/beer/finnriver-black-currant-lavender/254615/
Hair of the Dog Adam,4.2,/beer/hair-of-the-dog-adam/568/
Kane Hop Lab #9 - Citra Pale Ale,4.0,/beer/kane-hop-lab-9--citra-pale-ale/353297/
Tree House Haze,4.2,/beer/tree-house-haze/272234/
Lambrate American Magut,3.6,/beer/lambrate-american-magut/232266/
Blackberry Farm / Evil Twin From Tennessee With Smoke,3.9,/beer/blackberry-farm--evil-twin-from-tennessee-with-smoke/422992/
Oakham Scarlet Macaw,3.4,/beer/oakham-scarlet-macaw/146284/
Angry Chair The Awakening Coffee Milk Stout,4.0,/beer/angry-chair-the-awakening-coffee-milk-stout/307221/
Aecht Schlenkerla Fastenbier,4.0,/beer/aecht-schlenkerla-fastenbier/43277/
Cloudwater DIPA - v6,4.0,/beer/cloudwater-dipa--v6/441009/
Stone 20th Anniversary Encore Series: 02.02.02 Vertical Epic Ale,2.7,/beer/stone-20th-anniversary-encore-series-020202-vertical-epic-ale/12115/
Fuller\xc2\x92s Brewer\xc2\x92s Reserve No. 5 Oak Aged Ale,4.3,/beer/fullers-brewers-reserve-no-5-oak-aged-ale/427020/
Revolution Citra Hero IPA,3.9,/beer/revolution-citra-hero-ipa/272545/
Bierstadt Slow Pour Pils,4.1,/beer/bierstadt-slow-pour-pils/446048/
Sierra Nevada / Riegele Oktoberfest &#40;2015&#41;,3.4,/beer/sierra-nevada--riegele-oktoberfest-2015/343894/
Ballast Point Victory at Sea ,4.7,/beer/ballast-point-victory-at-sea/100542/
Trillium Little Rooster,3.8,/beer/trillium-little-rooster/220857/
Andechser Doppelbock Dunkel,4.1,/beer/andechser-doppelbock-dunkel/1147/
Tree House Bright,3.6,/beer/tree-house-bright/393374/
Jack\xc2\x92s Abby House Lager,3.4,/beer/jacks-abby-house-lager/309389/
Les Trois Mousquetaires S.S. Sticke Alt,3.7,/beer/les-trois-mousquetaires-ss-sticke-alt/75012/
Pipeworks The Lizard King,3.8,/beer/pipeworks-the-lizard-king/312611/
Pipeworks Ninja Vs Unicorn Double IPA,3.9,/beer/pipeworks-ninja-vs-unicorn-double-ipa/165816/
Side Project Bleuet du Fermier,4.5,/beer/side-project-bleuet-du-fermier/406973/
Cidre Dupont R\xc3\xa9serve,3.6,/beer/cidre-dupont-reserve/28462/
Sante Adairius Cask Strawberry,4.0,/beer/sante-adairius-cask-strawberry/259969/
Pipeworks Crimson Snapper,4.1,/beer/pipeworks-crimson-snapper/311813/
Stone Imperial Russian Stout,4.3,/beer/stone-imperial-russian-stout/4315/
Port Brewing Old Viscosity,3.5,/beer/port-brewing-old-viscosity/19220/
North Coast Old Rasputin &#40;Bourbon Barrel&#41;,4.1,/beer/north-coast-old-rasputin-bourbon-barrel/71101/
Grand Teton Double Vision Doppelbock,4.0,/beer/grand-teton-double-vision-doppelbock/101134/
Stiegl Radler Grapefruit,2.8,/beer/stiegl-radler-grapefruit/105438/
Firestone Walker Union Jack IPA,4.1,/beer/firestone-walker-union-jack-ipa/76883/
Melvin IPA,3.9,/beer/melvin-ipa/130123/
Tired Hands Communication is the Key Lime Pie,3.6,/beer/tired-hands-communication-is-the-key-lime-pie/236925/
Alchemist Focal Banger,3.8,/beer/alchemist-focal-banger/100846/
Beachwood Melrose IPA,3.6,/beer/beachwood-melrose-ipa/148604/
Other Half / Bunker Boogie Board Stuntz,3.8,/beer/other-half--bunker-boogie-board-stuntz/336049/
AleSmith Double IPA,4.2,/beer/alesmith-double-ipa/2497/
Tired Hands MagoTago,3.9,/beer/tired-hands-magotago/205427/
Franziskaner Hefe-Weissbier / Weissbier Naturtrub,3.5,/beer/franziskaner-hefe-weissbier--weissbier-naturtrub/1088/
Auval Nordet IPA,4.1,/beer/auval-nordet-ipa/434685/
Dieu du Ciel L\xc2\x92Herbe \xc3\xa0 D\xc3\xa9tourne,4.0,/beer/dieu-du-ciel-lherbe-a-detourne/123975/
Hill Farmstead Everett,4.2,/beer/hill-farmstead-everett/126305/
Allagash Curieux,3.7,/beer/allagash-curieux/38037/
Hill Farmstead / Kissmeyer / Cambridge Nordic Saison,4.0,/beer/hill-farmstead--kissmeyer--cambridge-nordic-saison/273020/
Allagash Ghoulschip,3.4,/beer/allagash-ghoulschip/111792/
Prairie Bomb&#033;,4.2,/beer/prairie-bomb/215531/
Hill Farmstead Table Dorothy,4.4,/beer/hill-farmstead-table-dorothy/362178/
Starcut Ciders Squishy,3.8,/beer/starcut-ciders-squishy/327163/
Parallel 49 Tricycle Radler - Grapefruit,3.3,/beer/parallel-49-tricycle-radler--grapefruit/234870/
Proclamation Derivative Galaxy Hopped Pale Ale,3.8,/beer/proclamation-derivative-galaxy-hopped-pale-ale/294484/
Perrin No Rules Vietnamese Porter,3.5,/beer/perrin-no-rules-vietnamese-porter/351067/
Surly SurlyFest,3.6,/beer/surly-surlyfest/64349/
Sierra Nevada Ovila Dubbel - Barrel Aged,4.1,/beer/sierra-nevada-ovila-dubbel--barrel-aged/181928/
Le Castor Yakima IPA,4.0,/beer/le-castor-yakima-ipa/208825/
Unibroue Quelque Chose,4.0,/beer/unibroue-quelque-chose/1924/
Alpine Beer Company Duet ,4.1,/beer/alpine-beer-company-duet/54549/
Civil Society DankStar,4.1,/beer/civil-society-dankstar/407661/
Deschutes The Abyss,3.4,/beer/deschutes-the-abyss/65832/
AleSmith Speedway Stout,4.6,/beer/alesmith-speedway-stout/14232/
Societe The Coachman,3.9,/beer/societe-the-coachman/346552/
Dogfish Head 90 Minute Imperial IPA,4.2,/beer/dogfish-head-90-minute-imperial-ipa/10569/
Russian River Sanctification,4.0,/beer/russian-river-sanctification/38052/
Lost Abbey Cuvee de Tomme,4.1,/beer/lost-abbey-cuvee-de-tomme/17385/
Toppling Goliath ZeeLander,3.8,/beer/toppling-goliath-zeelander/153769/
Toppling Goliath Pompeii IPA,3.9,/beer/toppling-goliath-pompeii-ipa/198739/
Hill Farmstead Civil Disobedience &#40;Release 17&#41;  ,4.2,/beer/hill-farmstead-civil-disobedience-release-17/406999/
Tree House Very Hazy,4.1,/beer/tree-house-very-hazy/397723/
Other Half Double Mosaic Dream,4.2,/beer/other-half-double-mosaic-dream/405387/
New England Coriolis,4.2,/beer/new-england-coriolis/183987/
Auval Frambo\xc3\xabse &#40;2016&#41;,4.3,/beer/auval-framboese-2016/433247/
Boneyard Notorious IPA3,3.7,/beer/boneyard-notorious-ipa3/147093/
Siren Broken Dream,3.1,/beer/siren-broken-dream/204307/
Buxton Anglo-Belgique,3.6,/beer/buxton-anglo-belgique/392428/
Chimay &#40;Red / Rouge / Ale / Premi\xc3\xa8re&#41;,3.3,/beer/chimay-red--rouge--ale--premiere/51/
Andechser Weissbier Hell,3.9,/beer/andechser-weissbier-hell/6002/
Cycle Four Roses BA Rye Stout,4.5,/beer/cycle-four-roses-ba-rye-stout/374043/
Pilsner Urquell Nefiltrovan\xc3\xbd,4.0,/beer/pilsner-urquell-nefiltrovany/44956/
Tired Hands Guillemot Nebula,3.7,/beer/tired-hands-guillemot-nebula/191074/
Pyraser Hopfenpfl\xc3\xbccker Pils,3.4,/beer/pyraser-hopfenpflucker-pils/55080/
Trillium Headroom,4.0,/beer/trillium-headroom/355438/
Ballast Point Indra Kunindra,3.6,/beer/ballast-point-indra-kunindra/150262/
J.W. Lees Manchester Star Ale,4.4,/beer/jw-lees-manchester-star-ale/14651/
AleSmith Speedway Stout - Vanilla & Coconut,3.8,/beer/alesmith-speedway-stout--vanilla-coconut/147261/
Hill Farmstead Society & Solitude #8,4.0,/beer/hill-farmstead-society-solitude-8/433782/
Tired Hands HopHands,3.7,/beer/tired-hands-hophands/173459/
Neshaminy Creek Punkless Dunkel Pumpkin Wheat Ale,3.6,/beer/neshaminy-creek-punkless-dunkel-pumpkin-wheat-ale/286492/
Ale Asylum Ambergeddon,3.4,/beer/ale-asylum-ambergeddon/59933/
Heineken H41,2.6,/beer/heineken-h41/414917/
Beavertown Skull King,3.3,/beer/beavertown-skull-king/329934/
Hair of the Dog Matt ,3.7,/beer/hair-of-the-dog-matt/99157/
Timothy Taylor Landlord &#40;Cask&#41;,4.2,/beer/timothy-taylor-landlord-cask/44523/
Tired Hands Shambolic,3.8,/beer/tired-hands-shambolic/252225/
Foley Brothers Prospect,4.5,/beer/foley-brothers-prospect/352934/
Lawson\xc2\x92s Finest Chinookerd IPA,4.7,/beer/lawsons-finest-chinookerd-ipa/92737/
Westvleteren Extra 8,4.3,/beer/westvleteren-extra-8/4935/
Salopian Darwin\xc2\x92s Origin,3.4,/beer/salopian-darwins-origin/94270/
Brooklyn Lager,2.1,/beer/brooklyn-lager/528/
Beavertown Black Betty,3.7,/beer/beavertown-black-betty/191161/
Schneider Weisse Aventinus,3.1,/beer/schneider-weisse-aventinus/2224/
AleSmith Speedway Stout - Bourbon Barrel Aged,4.2,/beer/alesmith-speedway-stout--bourbon-barrel-aged/28173/
Rittmayer Hallerndorfer Bitter 58,3.3,/beer/rittmayer-hallerndorfer-bitter-58/338339/
Tilmans Das Helle,3.6,/beer/tilmans-das-helle/284682/
Camerons Rye Pale Ale,3.5,/beer/camerons-rye-pale-ale/167544/
Driftwood Fat Tug IPA,3.9,/beer/driftwood-fat-tug-ipa/133091/
Kern River Just Outstanding IPA,3.9,/beer/kern-river-just-outstanding-ipa/60743/
O\xc2\x92Fallon Imperial Pumpkin,4.0,/beer/ofallon-imperial-pumpkin/289765/
Stillwater Tenacity &#40;/t&#601;&#712;nas&#601;d&#275;/&#41;,3.2,/beer/stillwater-tenacity-t601712nas601d275-/376381/
Tired Hands Helles Other People ,4.0,/beer/tired-hands-helles-other-people/404618/
The Bruery Melange #14,3.8,/beer/the-bruery-melange-14/425053/
Elysian The Great Pumpkin Imperial Pumpkin Ale,3.7,/beer/elysian-the-great-pumpkin-imperial-pumpkin-ale/41322/
Boulevard 80-Acre Hoppy Wheat Beer,3.5,/beer/boulevard-80-acre-hoppy-wheat-beer/181865/
Beyond the Pale Aromatherapy - American IPA,4.2,/beer/beyond-the-pale-aromatherapy--american-ipa/384806/
Melvin Hubert MPA,3.8,/beer/melvin-hubert-mpa/291975/
Deschutes Fresh Squeezed IPA,3.3,/beer/deschutes-fresh-squeezed-ipa/119596/
Sierra Nevada Vienna Lager,3.3,/beer/sierra-nevada-vienna-lager/58996/
Prairie Coffee Okie,4.1,/beer/prairie-coffee-okie/382217/
Great Divide Yeti Imperial Stout - Oak Aged ,4.2,/beer/great-divide-yeti-imperial-stout--oak-aged/37652/
Cigar City Hunahpu\xc2\x92s Imperial Stout,4.5,/beer/cigar-city-hunahpus-imperial-stout/97078/
Stone 20th Anniversary Encore Series: 10th Anniversary IPA,3.3,/beer/stone-20th-anniversary-encore-series-10th-anniversary-ipa/63291/
Great Divide Hercules Double IPA,3.5,/beer/great-divide-hercules-double-ipa/32751/
Tallgrass Zombie Monkie,3.6,/beer/tallgrass-zombie-monkie/229763/
Hill Farmstead Sumner,4.1,/beer/hill-farmstead-sumner/409339/
The Kernel India Pale Ale Galaxy,4.5,/beer/the-kernel-india-pale-ale-galaxy/154862/
Fremont Field to Ferment - Citra,3.2,/beer/fremont-field-to-ferment--citra/452745/
Alpine Beer Company Pure Hoppiness,3.8,/beer/alpine-beer-company-pure-hoppiness/18829/
Momokawa G Joy Junmai Ginjo Genshu Sake,3.4,/beer/momokawa-g-joy-junmai-ginjo-genshu-sake/54355/
Almanac Saison de Brettaville,3.7,/beer/almanac-saison-de-brettaville/364123/
Urban Chestnut Oachkatzlschwoaf,4.0,/beer/urban-chestnut-oachkatzlschwoaf/154922/
Rock Art Humble Harvester,3.8,/beer/rock-art-humble-harvester/286618/
Alaskan Smoked Porter,4.2,/beer/alaskan-smoked-porter/16/
Siren / Cigar City Caribbean Chocolate Cake &#40;Barrel Aged&#41;,3.9,/beer/siren--cigar-city-caribbean-chocolate-cake-barrel-aged/419051/
Russian River Defenestration,3.8,/beer/russian-river-defenestration/93471/
Fuller\xc2\x92s 1845,4.7,/beer/fullers-1845/294/
Jack\xc2\x92s Abby Copper Legend,3.6,/beer/jacks-abby-copper-legend/182391/
New Belgium La Folie,3.7,/beer/new-belgium-la-folie/10513/
Prairie Apple Brandy Barrel Noir,4.4,/beer/prairie-apple-brandy-barrel-noir/311784/
Stone Bastard\xc2\x92s Midnight Brunch,4.7,/beer/stone-bastards-midnight-brunch/414489/
40ft Larger,3.8,/beer/40ft-larger/337533/
Karbach Krunkin Pumpkin,3.7,/beer/karbach-krunkin-pumpkin/188324/
Allagash Avanc\xc3\xa9,4.1,/beer/allagash-avance/69525/
De Dolle Stille Nacht Special Reserva 2005,3.3,/beer/de-dolle-stille-nacht-special-reserva-2005/59477/
La Rulles Estivale,3.9,/beer/la-rulles-estivale/48719/
Jolly Pumpkin Oro de Calabaza,3.6,/beer/jolly-pumpkin-oro-de-calabaza/36703/
Russian River Toronado 25th Anniversary,3.9,/beer/russian-river-toronado-25th-anniversary/181895/
De Garde Imperial Boysenberry &#40;Boysen&#41; Bu,4.3,/beer/de-garde-imperial-boysenberry-boysen-bu/245684/
Bell\xc2\x92s Hopslam,3.4,/beer/bells-hopslam/35488/
Hill Farmstead Damon,4.5,/beer/hill-farmstead-damon/142050/
Hill Farmstead Self-Reliance #1,4.4,/beer/hill-farmstead-self-reliance-1/427873/
Hill Farmstead George,4.1,/beer/hill-farmstead-george/156903/
Hill Farmstead Song of Joy,4.4,/beer/hill-farmstead-song-of-joy/356536/
Sierra Nevada Kellerweis Hefeweizen,3.6,/beer/sierra-nevada-kellerweis-hefeweizen/100383/
Columbus Bodhi,3.7,/beer/columbus-bodhi/110184/
Victory Prima Pils,3.5,/beer/victory-prima-pils/619/
Siren Vermont Tea Party,3.1,/beer/siren-vermont-tea-party/407686/
Hill Farmstead Aaron,4.5,/beer/hill-farmstead-aaron/284884/
The Livery Bourbon Barrel Aged Wheat Trippelbock,4.2,/beer/the-livery-bourbon-barrel-aged-wheat-trippelbock/49981/
Andechser Weissbier Dunkel,3.4,/beer/andechser-weissbier-dunkel/6003/
Maine Beer Lunch,3.7,/beer/maine-beer-lunch/145241/
Unibroue La Fin du Monde,4.0,/beer/unibroue-la-fin-du-monde/1094/
Rogue Farms Fresh Roast Ale,3.5,/beer/rogue-farms-fresh-roast-ale/214272/
New Glarus Moon Man No Coast Pale Ale,3.8,/beer/new-glarus-moon-man-no-coast-pale-ale/118767/
Lagunitas NightTime Ale,4.0,/beer/lagunitas-nighttime-ale/262801/
Other Half Mosaic,4.2,/beer/other-half-mosaic/332700/
Peekskill Amazeballs,3.6,/beer/peekskill-amazeballs/185129/
Indeed Dandy Lager,3.6,/beer/indeed-dandy-lager/333675/
Sweetwater Hash Brown,3.8,/beer/sweetwater-hash-brown/356281/
Saugatuck Barrel Aged Neapolitan Milk Stout,3.9,/beer/saugatuck-barrel-aged-neapolitan-milk-stout/253614/
Monkish Haiku De Saison,3.6,/beer/monkish-haiku-de-saison/368328/
Great Notion Double Stack Northwest Breakfast Stout,4.0,/beer/great-notion-double-stack-northwest-breakfast-stout/396436/
Bell\xc2\x92s Special Double Cream Stout,4.0,/beer/bells-special-double-cream-stout/3212/
Avery Pump[KY]n,3.8,/beer/avery-pumpkyn/287723/
Half Acre Akari Shogun,3.7,/beer/half-acre-akari-shogun/175388/
Cloudwater / Burning Sky Old Garde &#40;Red Wine Barrel Aged&#41;,3.0,/beer/cloudwater--burning-sky-old-garde-red-wine-barrel-aged/418382/
Auval Super A Double IPA,4.5,/beer/auval-super-a-double-ipa/384097/
Perrin Black Goat,3.5,/beer/perrin-black-goat/203015/
Ommegang Hop House,3.5,/beer/ommegang-hop-house/242426/
Avery Uncle Jacob\xc2\x92s Stout,4.4,/beer/avery-uncle-jacobs-stout/167223/
Ommegang Rosetta ,3.7,/beer/ommegang-rosetta/362980/
De Dolle Dulle Teve 10\xc2\xba &#40;Mad Bitch&#41;,3.5,/beer/de-dolle-dulle-teve-10-mad-bitch/6875/
Squatters Live & Let Live Kristallweizen,3.6,/beer/squatters-live-let-live-kristallweizen/427599/
Founders KBS &#40;Kentucky Breakfast Stout&#41;,3.9,/beer/founders-kbs-kentucky-breakfast-stout/40544/
Trillium Vicinity,3.8,/beer/trillium-vicinity/311024/
Cascade Noyaux,4.2,/beer/cascade-noyaux/187304/
Almanac Craft Pilsner,3.7,/beer/almanac-craft-pilsner/426431/
Bissell Brothers The Substance Ale,3.2,/beer/bissell-brothers-the-substance-ale/250331/
Central Waters Brewer\xc2\x92s Reserve Bourbon Barrel Scotch Ale,4.0,/beer/central-waters-brewers-reserve-bourbon-barrel-scotch-ale/63097/
Baladin Xyauy\xc3\xb9 Fum\xc3\xa9 &#40;Islay Whisky&#41;,4.5,/beer/baladin-xyauyu-fume-islay-whisky/188066/
Epic / DC Brau Fermentation Without Representation,3.6,/beer/epic--dc-brau-fermentation-without-representation/158067/
Firestone Walker Stickee Monkee,4.2,/beer/firestone-walker-stickee-monkee/133381/
Superstition Straw Berry White,4.5,/beer/superstition-straw-berry-white/335470/
Lost Abbey The Angels Share,4.1,/beer/lost-abbey-the-angels-share/64975/
Surly Blakkr,4.0,/beer/surly-blakkr/252611/
Deschutes Big Rig Bitter,4.5,/beer/deschutes-big-rig-bitter/101691/
Peak Organic The Juice,3.9,/beer/peak-organic-the-juice/439492/
Knee Deep Breaking Bud IPA,3.1,/beer/knee-deep-breaking-bud-ipa/308727/
Heavy Seas Uncharted Waters: The Great\xc2\x92ER Pumpkin,3.8,/beer/heavy-seas-uncharted-waters-the-greater-pumpkin/114628/
Fuller\xc2\x92s ESB &#40;Bottle/Keg&#41;,4.7,/beer/fullers-esb-bottle-keg/290/
Les Trois Mousquetaires G.C. Porter Baltique &#40;Bourbon & Brandy&#41;,3.7,/beer/les-trois-mousquetaires-gc-porter-baltique-bourbon-brandy/230352/
Southern Tier Rum Barrel Aged Pumking,3.9,/beer/southern-tier-rum-barrel-aged-pumking/300262/
Buxton Jacob\xc2\x92s Ladder,3.6,/beer/buxton-jacobs-ladder/221709/
Four Winds Nectarous,4.0,/beer/four-winds-nectarous/254840/
Jolly Pumpkin Bi\xc3\xa8re de Mars,2.5,/beer/jolly-pumpkin-biere-de-mars/47030/
Boulevard Smokestack Series: Saison-Brett,4.0,/beer/boulevard-smokestack-series-saison-brett/61449/
Goose Island Bourbon County Stout,4.5,/beer/goose-island-bourbon-county-stout/8909/
Moor So\xc2\x92Hop,3.7,/beer/moor-sohop/164416/
York Centurion\xc2\x92s Ghost Ale &#40;Cask&#41;,3.5,/beer/york-centurions-ghost-ale-cask/45131/
Bissell Brothers Swish,4.0,/beer/bissell-brothers-swish/298864/
Ayinger Altbairisch Dunkel,3.5,/beer/ayinger-altbairisch-dunkel/2019/
Auval C-12 Pivo,4.1,/beer/auval-c-12-pivo/433244/
Anchorage Galaxy White IPA,3.4,/beer/anchorage-galaxy-white-ipa/161579/
The Bruery / Maine Beer Fourthmeal,3.7,/beer/the-bruery--maine-beer-fourthmeal/377250/
Anchor Winter Wheat,3.3,/beer/anchor-winter-wheat/295879/
Evil Twin Bikini Beer,3.0,/beer/evil-twin-bikini-beer/149843/
Capital Oktoberfest,3.5,/beer/capital-oktoberfest/860/
Payette North Fork Lager,3.3,/beer/payette-north-fork-lager/183839/
Victory Old Horizontal,3.1,/beer/victory-old-horizontal/624/
Superstition Endovelicus,4.6,/beer/superstition-endovelicus/335468/
Roslyn Brookside Pale Lager,3.0,/beer/roslyn-brookside-pale-lager/12307/
Uinta Crooked Line Oak Jacked Imperial Pumpkin,3.4,/beer/uinta-crooked-line-oak-jacked-imperial-pumpkin/146213/
Oskar Blues Ten FIDY,3.9,/beer/oskar-blues-ten-fidy/68107/
Trillium Congress Street IPA,4.5,/beer/trillium-congress-street-ipa/232181/
Weird Beard Dark Hopfler,2.6,/beer/weird-beard-dark-hopfler/257261/
Crooked Stave Table Beer,3.8,/beer/crooked-stave-table-beer/302799/
Charlevoix Vache Folle ESB,2.9,/beer/charlevoix-vache-folle-esb/33047/
J.K.\xc2\x92s Cuv\xc3\xa9e Winterruption Farmhouse Hard Cider,3.8,/beer/jks-cuvee-winterruption-farmhouse-hard-cider/113726/
New Glarus Raspberry Tart,4.2,/beer/new-glarus-raspberry-tart/7686/
Cambridge Morning Dew,3.8,/beer/cambridge-morning-dew/283510/
Firestone Walker Parabola,4.4,/beer/firestone-walker-parabola/60246/
Cigar City Maduro Brown Ale - Vanilla,3.8,/beer/cigar-city-maduro-brown-ale--vanilla/104134/
Lawson\xc2\x92s Finest Super Session IPA #2,3.7,/beer/lawsons-finest-super-session-ipa-2/274596/
Victory HopDevil,4.8,/beer/victory-hopdevil/618/
Tr\xc3\xb6egs HopBack Amber Ale,5.0,/beer/troegs-hopback-amber-ale/17495/
Trillium Stillings Street IPA,4.1,/beer/trillium-stillings-street-ipa/444497/
Rogue HazelNut Brown Nectar,3.9,/beer/rogue-hazelnut-brown-nectar/585/
Bear Republic Racer 5 IPA,3.9,/beer/bear-republic-racer-5-ipa/1608/
Central Waters Headless Heron,4.4,/beer/central-waters-headless-heron/291246/
Dieu du Ciel Solstice d\xc2\x92Hiver R\xc3\xa9serve Sp\xc3\xa9ciale &#40;Oak Aged - Bourbon&#41;,3.8,/beer/dieu-du-ciel-solstice-dhiver-reserve-speciale-oak-aged--bourbon/117462/
Night Shift Awake,3.8,/beer/night-shift-awake/361859/
Lagunitas Sonoma Farmhouse Hop Stoopid,4.1,/beer/lagunitas-sonoma-farmhouse-hop-stoopid/69933/
Mashsee Beverly Pils,3.9,/beer/mashsee-beverly-pils/417973/
Gulden Draak,3.7,/beer/gulden-draak/3958/
Wicked Weed Medora Blackberry Raspberry Sour,4.1,/beer/wicked-weed-medora-blackberry-raspberry-sour/264920/
Sierra Nevada Harvest Wet Hop IPA - Northern Hemisphere,3.9,/beer/sierra-nevada-harvest-wet-hop-ipa--northern-hemisphere/131958/
Hill Farmstead Everett - Bourbon Barrel Aged &#40;2011&#41;,4.4,/beer/hill-farmstead-everett--bourbon-barrel-aged-2011/135762/
Dieu du Ciel R\xc3\xa9surrection,3.3,/beer/dieu-du-ciel-resurrection/8111/
Casey The Cut: Balaton Cherry,4.1,/beer/casey-the-cut-balaton-cherry/330654/
Tired Hands Alien Church,3.5,/beer/tired-hands-alien-church/251307/
Tree House Ma,2.4,/beer/tree-house-ma/207501/
Cigar City Puppy\xc2\x92s Breath Robust Porter,3.9,/beer/cigar-city-puppys-breath-robust-porter/128242/
Schneider Aventinus Weizen-Eisbock,3.9,/beer/schneider-aventinus-weizen-eisbock/10514/
Zero Gravity Vienna Lager,3.7,/beer/zero-gravity-vienna-lager/57018/
Dogfish Head Palo Santo Marron,3.4,/beer/dogfish-head-palo-santo-marron/66797/
Dogfish Head 75 Minute IPA &#40;Cask/Bottle&#41;,2.9,/beer/dogfish-head-75-minute-ipa-cask-bottle/101034/
Dogfish Head 60 Minute IPA,2.7,/beer/dogfish-head-60-minute-ipa/7431/
Stone Stochasticity Project Grainiac,5.0,/beer/stone-stochasticity-project-grainiac/374677/
Narragansett Del\xc2\x92s Shandy,3.0,/beer/narragansett-dels-shandy/265556/
Alchemist Broken Spoke &#40;2016-&#41;,3.9,/beer/alchemist-broken-spoke-2016-/454158/
Central Waters Ardea Insignis Imperial Stout,4.6,/beer/central-waters-ardea-insignis-imperial-stout/419849/
Dogfish Head Namaste White,1.5,/beer/dogfish-head-namaste-white/106337/
Hill Farmstead / Blaugies Le Sarrasin,4.4,/beer/hill-farmstead--blaugies-le-sarrasin/257839/
Lagunitas A Little Sumpin\xc2\x92 Sumpin\xc2\x92 Ale ,3.6,/beer/lagunitas-a-little-sumpin-sumpin-ale/103006/
Le Trou du Diable Germaine,3.6,/beer/le-trou-du-diable-germaine/57979/
Weihenstephaner Vitus,3.7,/beer/weihenstephaner-vitus/70791/
Three Floyds Conquistador De Muerte &#40;Bourbon&#41;,3.7,/beer/three-floyds-conquistador-de-muerte-bourbon/110352/
Dogfish Head World Wide Stout 2001/2003-Present &#40;18%&#41;,4.3,/beer/dogfish-head-world-wide-stout-2001-2003-present-18/5923/
Cigar City Cider and Mead Homemade Apple Pie Cider,3.1,/beer/cigar-city-cider-and-mead-homemade-apple-pie-cider/230631/
Grimm Lambo Door,3.4,/beer/grimm-lambo-door/353386/
Weltenburger Kloster Barock Dunkel,3.8,/beer/weltenburger-kloster-barock-dunkel/4024/
Schneider Weisse Original,3.8,/beer/schneider-weisse-original/1762/
Tree House Juice Machine &#40;2015- &#41;,4.0,/beer/tree-house-juice-machine-2015-/385710/
Trillium Scaled - Double Dry Hopped,3.7,/beer/trillium-scaled--double-dry-hopped/390513/
O\xc2\x92Hanlon\xc2\x92s Thomas Hardy\xc2\x92s Ale &#40;2003 - 2008&#41;,4.2,/beer/ohanlons-thomas-hardys-ale-2003--2008/31915/
Firestone Walker Double Jack IPA,4.9,/beer/firestone-walker-double-jack-ipa/106045/
Lagunitas Sucks,3.1,/beer/lagunitas-sucks/158433/
pFriem Pilsner,3.6,/beer/pfriem-pilsner/214896/
Kuhnhenn Raspberry Eisbock,4.0,/beer/kuhnhenn-raspberry-eisbock/25627/
Toppling Goliath pseudoSue,4.5,/beer/toppling-goliath-pseudosue/149475/
New Glarus Strawberry Rhubarb,3.3,/beer/new-glarus-strawberry-rhubarb/221454/
Baladin Birra Lurisia Dodici &#40;12&#41;,3.5,/beer/baladin-birra-lurisia-dodici-12/96407/
Prairie Pirate Bomb&#033;,4.6,/beer/prairie-pirate-bomb/234388/
Stone 20th Anniversary Encore Series: 5th Anniversary IPA,4.2,/beer/stone-20th-anniversary-encore-series-5th-anniversary-ipa/10342/
Great Divide Old Ruffian - Barrel Aged ,3.8,/beer/great-divide-old-ruffian--barrel-aged/93978/
Paradox Beer Skully Barrel No. 30,4.0,/beer/paradox-beer-skully-barrel-no-30/355182/
Ayinger Weizen-Bock,3.0,/beer/ayinger-weizen-bock/56837/
Unibroue 17,4.2,/beer/unibroue-17/83527/
Dunham Saison Cassis,3.9,/beer/dunham-saison-cassis/281930/
Goose Island Matilda,3.2,/beer/goose-island-matilda/23624/
5 Rabbit Vida y Muerte Muertzenbier,3.4,/beer/5-rabbit-vida-y-muerte-muertzenbier/159078/
Evil Twin Yin & Yang,3.4,/beer/evil-twin-yin-yang/172102/
Les Vergers de la Colline Honey Crisp Sour,3.8,/beer/les-vergers-de-la-colline-honey-crisp-sour/270596/
Banded Horn Luminaire,3.6,/beer/banded-horn-luminaire/371741/
Modern Times Fortunate Islands,3.8,/beer/modern-times-fortunate-islands/218229/
Sante Adairius Cask 200,4.0,/beer/sante-adairius-cask-200/224892/
American Solera Foeder Cerise,4.3,/beer/american-solera-foeder-cerise/443246/
Modern Times Fortunate Islands - Grapefruit Zest,3.5,/beer/modern-times-fortunate-islands--grapefruit-zest/259160/
Avery The Maharaja Imperial India Pale Ale,3.9,/beer/avery-the-maharaja-imperial-india-pale-ale/44485/
AleSmith Nut Brown English-Style Ale &#40;Bottle and Draft&#41;,3.6,/beer/alesmith-nut-brown-english-style-ale-bottle-and-draft/2498/
Timothy Taylor Landlord &#40;Bottle&#41;,2.9,/beer/timothy-taylor-landlord-bottle/4439/
The Kernel India Pale Ale Citra,4.0,/beer/the-kernel-india-pale-ale-citra/137414/
Deschutes Obsidian Stout,3.6,/beer/deschutes-obsidian-stout/2138/
Deschutes Black Butte Porter,3.6,/beer/deschutes-black-butte-porter/2125/
Lost Abbey 10 Commandments,4.5,/beer/lost-abbey-10-commandments/72830/
The Bruery Wineification III,4.6,/beer/the-bruery-wineification-iii/372715/
Superstition Aphrodisia Pyment - Syrah/Grenache,4.3,/beer/superstition-aphrodisia-pyment--syrah-grenache/260184/
Hill Farmstead Vera Mae &#40;Wine Barrel / 2016&#41;,4.3,/beer/hill-farmstead-vera-mae-wine-barrel--2016/441073/
Abbaye des Rocs Triple Imp\xc3\xa9riale,3.5,/beer/abbaye-des-rocs-triple-imperiale/40722/
Lost Abbey Saints Devotion,4.0,/beer/lost-abbey-saints-devotion/93776/
Half Acre Daisy Cutter,4.2,/beer/half-acre-daisy-cutter/102472/
Crooked Stave Nightmare on Brett &#40;Raspberry&#41;,4.0,/beer/crooked-stave-nightmare-on-brett-raspberry/397486/
Epic Utah Sage Saison ,3.6,/beer/epic-utah-sage-saison/161680/
Three Floyds Dark Lord Russian Imperial Stout,3.9,/beer/three-floyds-dark-lord-russian-imperial-stout/15917/
Einbecker 1378,3.8,/beer/einbecker-1378/404900/
Three Floyds Amber Smashed Face,3.8,/beer/three-floyds-amber-smashed-face/368397/
AleSmith Grand Cru,4.1,/beer/alesmith-grand-cru/2488/
Bell\xc2\x92s Java Stout,3.8,/beer/bells-java-stout/10338/
